data_completa;data_formatada;ano;semestre;trimestre;mes;nome_mes;dia;dia_semana_num;nome_dia_semana;semana_ano;fim_de_semana
1920-03-09;09/03/1920;1920;1;1;3;Marco;9;2;Terca-feira;11;false
1920-03-19;19/03/1920;1920;1;1;3;Marco;19;5;Sexta-feira;12;false
1962-04-18;18/04/1962;1962;1;2;4;Abril;18;3;Quarta-feira;16;false
1963-04-22;22/04/1963;1963;1;2;4;Abril;22;1;Segunda-feira;17;false
1985-05-21;21/05/1985;1985;1;2;5;Maio;21;2;Terca-feira;21;false
1993-01-13;13/01/1993;1993;1;1;1;Janeiro;13;3;Quarta-feira;2;false
2000-03-01;01/03/2000;2000;1;1;3;Marco;1;3;Quarta-feira;9;false
2002-12-24;24/12/2002;2002;2;4;12;Dezembro;24;2;Terca-feira;52;false
2003-01-03;03/01/2003;2003;1;1;1;Janeiro;3;5;Sexta-feira;1;false
2004-02-29;29/02/2004;2004;1;1;2;Fevereiro;29;7;Domingo;9;true
2007-04-30;30/04/2007;2007;1;2;4;Abril;30;1;Segunda-feira;18;false
2010-03-07;07/03/2010;2010;1;1;3;Marco;7;7;Domingo;9;true
2010-06-26;26/06/2010;2010;1;2;6;Junho;26;6;Sabado;25;true
2010-06-30;30/06/2010;2010;1;2;6;Junho;30;3;Quarta-feira;26;false
2010-09-18;18/09/2010;2010;2;3;9;Setembro;18;6;Sabado;37;true
2011-03-27;27/03/2011;2011;1;1;3;Marco;27;7;Domingo;12;true
2011-04-27;27/04/2011;2011;1;2;4;Abril;27;3;Quarta-feira;17;false
2012-01-18;18/01/2012;2012;1;1;1;Janeiro;18;3;Quarta-feira;3;false
2012-02-15;15/02/2012;2012;1;1;2;Fevereiro;15;3;Quarta-feira;7;false
2012-03-27;27/03/2012;2012;1;1;3;Marco;27;2;Terca-feira;13;false
2012-08-24;24/08/2012;2012;2;3;8;Agosto;24;5;Sexta-feira;34;false
2012-10-31;31/10/2012;2012;2;4;10;Outubro;31;3;Quarta-feira;44;false
2014-03-27;27/03/2014;2014;1;1;3;Marco;27;4;Quinta-feira;13;false
2015-10-27;27/10/2015;2015;2;4;10;Outubro;27;2;Terca-feira;44;false
2018-01-27;27/01/2018;2018;1;1;1;Janeiro;27;6;Sabado;4;true
2018-03-27;27/03/2018;2018;1;1;3;Marco;27;2;Terca-feira;13;false
2018-12-30;30/12/2018;2018;2;4;12;Dezembro;30;7;Domingo;52;true
2018-12-31;31/12/2018;2018;2;4;12;Dezembro;31;1;Segunda-feira;1;false
2019-01-01;01/01/2019;2019;1;1;1;Janeiro;1;2;Terca-feira;1;false
2019-01-02;02/01/2019;2019;1;1;1;Janeiro;2;3;Quarta-feira;1;false
2019-01-03;03/01/2019;2019;1;1;1;Janeiro;3;4;Quinta-feira;1;false
2019-01-04;04/01/2019;2019;1;1;1;Janeiro;4;5;Sexta-feira;1;false
2019-01-05;05/01/2019;2019;1;1;1;Janeiro;5;6;Sabado;1;true
2019-01-06;06/01/2019;2019;1;1;1;Janeiro;6;7;Domingo;1;true
2019-01-07;07/01/2019;2019;1;1;1;Janeiro;7;1;Segunda-feira;2;false
2019-01-08;08/01/2019;2019;1;1;1;Janeiro;8;2;Terca-feira;2;false
2019-01-09;09/01/2019;2019;1;1;1;Janeiro;9;3;Quarta-feira;2;false
2019-01-10;10/01/2019;2019;1;1;1;Janeiro;10;4;Quinta-feira;2;false
2019-01-11;11/01/2019;2019;1;1;1;Janeiro;11;5;Sexta-feira;2;false
2019-01-12;12/01/2019;2019;1;1;1;Janeiro;12;6;Sabado;2;true
2019-01-13;13/01/2019;2019;1;1;1;Janeiro;13;7;Domingo;2;true
2019-01-14;14/01/2019;2019;1;1;1;Janeiro;14;1;Segunda-feira;3;false
2019-01-15;15/01/2019;2019;1;1;1;Janeiro;15;2;Terca-feira;3;false
2019-01-16;16/01/2019;2019;1;1;1;Janeiro;16;3;Quarta-feira;3;false
2019-01-17;17/01/2019;2019;1;1;1;Janeiro;17;4;Quinta-feira;3;false
2019-01-18;18/01/2019;2019;1;1;1;Janeiro;18;5;Sexta-feira;3;false
2019-01-19;19/01/2019;2019;1;1;1;Janeiro;19;6;Sabado;3;true
2019-01-20;20/01/2019;2019;1;1;1;Janeiro;20;7;Domingo;3;true
2019-01-21;21/01/2019;2019;1;1;1;Janeiro;21;1;Segunda-feira;4;false
2019-01-22;22/01/2019;2019;1;1;1;Janeiro;22;2;Terca-feira;4;false
2019-01-23;23/01/2019;2019;1;1;1;Janeiro;23;3;Quarta-feira;4;false
2019-01-24;24/01/2019;2019;1;1;1;Janeiro;24;4;Quinta-feira;4;false
2019-01-25;25/01/2019;2019;1;1;1;Janeiro;25;5;Sexta-feira;4;false
2019-01-26;26/01/2019;2019;1;1;1;Janeiro;26;6;Sabado;4;true
2019-01-27;27/01/2019;2019;1;1;1;Janeiro;27;7;Domingo;4;true
2019-01-28;28/01/2019;2019;1;1;1;Janeiro;28;1;Segunda-feira;5;false
2019-01-29;29/01/2019;2019;1;1;1;Janeiro;29;2;Terca-feira;5;false
2019-01-30;30/01/2019;2019;1;1;1;Janeiro;30;3;Quarta-feira;5;false
2019-01-31;31/01/2019;2019;1;1;1;Janeiro;31;4;Quinta-feira;5;false
2019-02-01;01/02/2019;2019;1;1;2;Fevereiro;1;5;Sexta-feira;5;false
2019-02-02;02/02/2019;2019;1;1;2;Fevereiro;2;6;Sabado;5;true
2019-02-03;03/02/2019;2019;1;1;2;Fevereiro;3;7;Domingo;5;true
2019-02-04;04/02/2019;2019;1;1;2;Fevereiro;4;1;Segunda-feira;6;false
2019-02-05;05/02/2019;2019;1;1;2;Fevereiro;5;2;Terca-feira;6;false
2019-02-06;06/02/2019;2019;1;1;2;Fevereiro;6;3;Quarta-feira;6;false
2019-02-07;07/02/2019;2019;1;1;2;Fevereiro;7;4;Quinta-feira;6;false
2019-02-08;08/02/2019;2019;1;1;2;Fevereiro;8;5;Sexta-feira;6;false
2019-02-09;09/02/2019;2019;1;1;2;Fevereiro;9;6;Sabado;6;true
2019-02-10;10/02/2019;2019;1;1;2;Fevereiro;10;7;Domingo;6;true
2019-02-11;11/02/2019;2019;1;1;2;Fevereiro;11;1;Segunda-feira;7;false
2019-02-12;12/02/2019;2019;1;1;2;Fevereiro;12;2;Terca-feira;7;false
2019-02-13;13/02/2019;2019;1;1;2;Fevereiro;13;3;Quarta-feira;7;false
2019-02-14;14/02/2019;2019;1;1;2;Fevereiro;14;4;Quinta-feira;7;false
2019-02-15;15/02/2019;2019;1;1;2;Fevereiro;15;5;Sexta-feira;7;false
2019-02-16;16/02/2019;2019;1;1;2;Fevereiro;16;6;Sabado;7;true
2019-02-17;17/02/2019;2019;1;1;2;Fevereiro;17;7;Domingo;7;true
2019-02-18;18/02/2019;2019;1;1;2;Fevereiro;18;1;Segunda-feira;8;false
2019-02-19;19/02/2019;2019;1;1;2;Fevereiro;19;2;Terca-feira;8;false
2019-02-20;20/02/2019;2019;1;1;2;Fevereiro;20;3;Quarta-feira;8;false
2019-02-21;21/02/2019;2019;1;1;2;Fevereiro;21;4;Quinta-feira;8;false
2019-02-22;22/02/2019;2019;1;1;2;Fevereiro;22;5;Sexta-feira;8;false
2019-02-23;23/02/2019;2019;1;1;2;Fevereiro;23;6;Sabado;8;true
2019-02-24;24/02/2019;2019;1;1;2;Fevereiro;24;7;Domingo;8;true
2019-02-25;25/02/2019;2019;1;1;2;Fevereiro;25;1;Segunda-feira;9;false
2019-02-26;26/02/2019;2019;1;1;2;Fevereiro;26;2;Terca-feira;9;false
2019-02-27;27/02/2019;2019;1;1;2;Fevereiro;27;3;Quarta-feira;9;false
2019-02-28;28/02/2019;2019;1;1;2;Fevereiro;28;4;Quinta-feira;9;false
2019-03-01;01/03/2019;2019;1;1;3;Marco;1;5;Sexta-feira;9;false
2019-03-02;02/03/2019;2019;1;1;3;Marco;2;6;Sabado;9;true
2019-03-03;03/03/2019;2019;1;1;3;Marco;3;7;Domingo;9;true
2019-03-04;04/03/2019;2019;1;1;3;Marco;4;1;Segunda-feira;10;false
2019-03-05;05/03/2019;2019;1;1;3;Marco;5;2;Terca-feira;10;false
2019-03-06;06/03/2019;2019;1;1;3;Marco;6;3;Quarta-feira;10;false
2019-03-07;07/03/2019;2019;1;1;3;Marco;7;4;Quinta-feira;10;false
2019-03-08;08/03/2019;2019;1;1;3;Marco;8;5;Sexta-feira;10;false
2019-03-09;09/03/2019;2019;1;1;3;Marco;9;6;Sabado;10;true
2019-03-10;10/03/2019;2019;1;1;3;Marco;10;7;Domingo;10;true
2019-03-11;11/03/2019;2019;1;1;3;Marco;11;1;Segunda-feira;11;false
2019-03-12;12/03/2019;2019;1;1;3;Marco;12;2;Terca-feira;11;false
2019-03-13;13/03/2019;2019;1;1;3;Marco;13;3;Quarta-feira;11;false
2019-03-14;14/03/2019;2019;1;1;3;Marco;14;4;Quinta-feira;11;false
2019-03-15;15/03/2019;2019;1;1;3;Marco;15;5;Sexta-feira;11;false
2019-03-16;16/03/2019;2019;1;1;3;Marco;16;6;Sabado;11;true
2019-03-17;17/03/2019;2019;1;1;3;Marco;17;7;Domingo;11;true
2019-03-18;18/03/2019;2019;1;1;3;Marco;18;1;Segunda-feira;12;false
2019-03-19;19/03/2019;2019;1;1;3;Marco;19;2;Terca-feira;12;false
2019-03-20;20/03/2019;2019;1;1;3;Marco;20;3;Quarta-feira;12;false
2019-03-21;21/03/2019;2019;1;1;3;Marco;21;4;Quinta-feira;12;false
2019-03-22;22/03/2019;2019;1;1;3;Marco;22;5;Sexta-feira;12;false
2019-03-23;23/03/2019;2019;1;1;3;Marco;23;6;Sabado;12;true
2019-03-24;24/03/2019;2019;1;1;3;Marco;24;7;Domingo;12;true
2019-03-25;25/03/2019;2019;1;1;3;Marco;25;1;Segunda-feira;13;false
2019-03-26;26/03/2019;2019;1;1;3;Marco;26;2;Terca-feira;13;false
2019-03-27;27/03/2019;2019;1;1;3;Marco;27;3;Quarta-feira;13;false
2019-03-28;28/03/2019;2019;1;1;3;Marco;28;4;Quinta-feira;13;false
2019-03-29;29/03/2019;2019;1;1;3;Marco;29;5;Sexta-feira;13;false
2019-03-30;30/03/2019;2019;1;1;3;Marco;30;6;Sabado;13;true
2019-03-31;31/03/2019;2019;1;1;3;Marco;31;7;Domingo;13;true
2019-04-01;01/04/2019;2019;1;2;4;Abril;1;1;Segunda-feira;14;false
2019-04-02;02/04/2019;2019;1;2;4;Abril;2;2;Terca-feira;14;false
2019-04-03;03/04/2019;2019;1;2;4;Abril;3;3;Quarta-feira;14;false
2019-04-04;04/04/2019;2019;1;2;4;Abril;4;4;Quinta-feira;14;false
2019-04-05;05/04/2019;2019;1;2;4;Abril;5;5;Sexta-feira;14;false
2019-04-06;06/04/2019;2019;1;2;4;Abril;6;6;Sabado;14;true
2019-04-07;07/04/2019;2019;1;2;4;Abril;7;7;Domingo;14;true
2019-04-08;08/04/2019;2019;1;2;4;Abril;8;1;Segunda-feira;15;false
2019-04-09;09/04/2019;2019;1;2;4;Abril;9;2;Terca-feira;15;false
2019-04-10;10/04/2019;2019;1;2;4;Abril;10;3;Quarta-feira;15;false
2019-04-11;11/04/2019;2019;1;2;4;Abril;11;4;Quinta-feira;15;false
2019-04-12;12/04/2019;2019;1;2;4;Abril;12;5;Sexta-feira;15;false
2019-04-13;13/04/2019;2019;1;2;4;Abril;13;6;Sabado;15;true
2019-04-14;14/04/2019;2019;1;2;4;Abril;14;7;Domingo;15;true
2019-04-15;15/04/2019;2019;1;2;4;Abril;15;1;Segunda-feira;16;false
2019-04-16;16/04/2019;2019;1;2;4;Abril;16;2;Terca-feira;16;false
2019-04-17;17/04/2019;2019;1;2;4;Abril;17;3;Quarta-feira;16;false
2019-04-18;18/04/2019;2019;1;2;4;Abril;18;4;Quinta-feira;16;false
2019-04-19;19/04/2019;2019;1;2;4;Abril;19;5;Sexta-feira;16;false
2019-04-20;20/04/2019;2019;1;2;4;Abril;20;6;Sabado;16;true
2019-04-21;21/04/2019;2019;1;2;4;Abril;21;7;Domingo;16;true
2019-04-22;22/04/2019;2019;1;2;4;Abril;22;1;Segunda-feira;17;false
2019-04-23;23/04/2019;2019;1;2;4;Abril;23;2;Terca-feira;17;false
2019-04-24;24/04/2019;2019;1;2;4;Abril;24;3;Quarta-feira;17;false
2019-04-25;25/04/2019;2019;1;2;4;Abril;25;4;Quinta-feira;17;false
2019-04-26;26/04/2019;2019;1;2;4;Abril;26;5;Sexta-feira;17;false
2019-04-27;27/04/2019;2019;1;2;4;Abril;27;6;Sabado;17;true
2019-04-28;28/04/2019;2019;1;2;4;Abril;28;7;Domingo;17;true
2019-04-29;29/04/2019;2019;1;2;4;Abril;29;1;Segunda-feira;18;false
2019-04-30;30/04/2019;2019;1;2;4;Abril;30;2;Terca-feira;18;false
2019-05-01;01/05/2019;2019;1;2;5;Maio;1;3;Quarta-feira;18;false
2019-05-02;02/05/2019;2019;1;2;5;Maio;2;4;Quinta-feira;18;false
2019-05-03;03/05/2019;2019;1;2;5;Maio;3;5;Sexta-feira;18;false
2019-05-04;04/05/2019;2019;1;2;5;Maio;4;6;Sabado;18;true
2019-05-05;05/05/2019;2019;1;2;5;Maio;5;7;Domingo;18;true
2019-05-06;06/05/2019;2019;1;2;5;Maio;6;1;Segunda-feira;19;false
2019-05-07;07/05/2019;2019;1;2;5;Maio;7;2;Terca-feira;19;false
2019-05-08;08/05/2019;2019;1;2;5;Maio;8;3;Quarta-feira;19;false
2019-05-09;09/05/2019;2019;1;2;5;Maio;9;4;Quinta-feira;19;false
2019-05-10;10/05/2019;2019;1;2;5;Maio;10;5;Sexta-feira;19;false
2019-05-11;11/05/2019;2019;1;2;5;Maio;11;6;Sabado;19;true
2019-05-12;12/05/2019;2019;1;2;5;Maio;12;7;Domingo;19;true
2019-05-13;13/05/2019;2019;1;2;5;Maio;13;1;Segunda-feira;20;false
2019-05-14;14/05/2019;2019;1;2;5;Maio;14;2;Terca-feira;20;false
2019-05-15;15/05/2019;2019;1;2;5;Maio;15;3;Quarta-feira;20;false
2019-05-16;16/05/2019;2019;1;2;5;Maio;16;4;Quinta-feira;20;false
2019-05-17;17/05/2019;2019;1;2;5;Maio;17;5;Sexta-feira;20;false
2019-05-18;18/05/2019;2019;1;2;5;Maio;18;6;Sabado;20;true
2019-05-19;19/05/2019;2019;1;2;5;Maio;19;7;Domingo;20;true
2019-05-20;20/05/2019;2019;1;2;5;Maio;20;1;Segunda-feira;21;false
2019-05-21;21/05/2019;2019;1;2;5;Maio;21;2;Terca-feira;21;false
2019-05-22;22/05/2019;2019;1;2;5;Maio;22;3;Quarta-feira;21;false
2019-05-23;23/05/2019;2019;1;2;5;Maio;23;4;Quinta-feira;21;false
2019-05-24;24/05/2019;2019;1;2;5;Maio;24;5;Sexta-feira;21;false
2019-05-25;25/05/2019;2019;1;2;5;Maio;25;6;Sabado;21;true
2019-05-26;26/05/2019;2019;1;2;5;Maio;26;7;Domingo;21;true
2019-05-27;27/05/2019;2019;1;2;5;Maio;27;1;Segunda-feira;22;false
2019-05-28;28/05/2019;2019;1;2;5;Maio;28;2;Terca-feira;22;false
2019-05-29;29/05/2019;2019;1;2;5;Maio;29;3;Quarta-feira;22;false
2019-05-30;30/05/2019;2019;1;2;5;Maio;30;4;Quinta-feira;22;false
2019-05-31;31/05/2019;2019;1;2;5;Maio;31;5;Sexta-feira;22;false
2019-06-01;01/06/2019;2019;1;2;6;Junho;1;6;Sabado;22;true
2019-06-02;02/06/2019;2019;1;2;6;Junho;2;7;Domingo;22;true
2019-06-03;03/06/2019;2019;1;2;6;Junho;3;1;Segunda-feira;23;false
2019-06-04;04/06/2019;2019;1;2;6;Junho;4;2;Terca-feira;23;false
2019-06-05;05/06/2019;2019;1;2;6;Junho;5;3;Quarta-feira;23;false
2019-06-06;06/06/2019;2019;1;2;6;Junho;6;4;Quinta-feira;23;false
2019-06-07;07/06/2019;2019;1;2;6;Junho;7;5;Sexta-feira;23;false
2019-06-08;08/06/2019;2019;1;2;6;Junho;8;6;Sabado;23;true
2019-06-09;09/06/2019;2019;1;2;6;Junho;9;7;Domingo;23;true
2019-06-10;10/06/2019;2019;1;2;6;Junho;10;1;Segunda-feira;24;false
2019-06-11;11/06/2019;2019;1;2;6;Junho;11;2;Terca-feira;24;false
2019-06-12;12/06/2019;2019;1;2;6;Junho;12;3;Quarta-feira;24;false
2019-06-13;13/06/2019;2019;1;2;6;Junho;13;4;Quinta-feira;24;false
2019-06-14;14/06/2019;2019;1;2;6;Junho;14;5;Sexta-feira;24;false
2019-06-15;15/06/2019;2019;1;2;6;Junho;15;6;Sabado;24;true
2019-06-16;16/06/2019;2019;1;2;6;Junho;16;7;Domingo;24;true
2019-06-17;17/06/2019;2019;1;2;6;Junho;17;1;Segunda-feira;25;false
2019-06-18;18/06/2019;2019;1;2;6;Junho;18;2;Terca-feira;25;false
2019-06-19;19/06/2019;2019;1;2;6;Junho;19;3;Quarta-feira;25;false
2019-06-20;20/06/2019;2019;1;2;6;Junho;20;4;Quinta-feira;25;false
2019-06-21;21/06/2019;2019;1;2;6;Junho;21;5;Sexta-feira;25;false
2019-06-22;22/06/2019;2019;1;2;6;Junho;22;6;Sabado;25;true
2019-06-23;23/06/2019;2019;1;2;6;Junho;23;7;Domingo;25;true
2019-06-24;24/06/2019;2019;1;2;6;Junho;24;1;Segunda-feira;26;false
2019-06-25;25/06/2019;2019;1;2;6;Junho;25;2;Terca-feira;26;false
2019-06-26;26/06/2019;2019;1;2;6;Junho;26;3;Quarta-feira;26;false
2019-06-27;27/06/2019;2019;1;2;6;Junho;27;4;Quinta-feira;26;false
2019-06-28;28/06/2019;2019;1;2;6;Junho;28;5;Sexta-feira;26;false
2019-06-29;29/06/2019;2019;1;2;6;Junho;29;6;Sabado;26;true
2019-06-30;30/06/2019;2019;1;2;6;Junho;30;7;Domingo;26;true
2019-07-01;01/07/2019;2019;2;3;7;Julho;1;1;Segunda-feira;27;false
2019-07-02;02/07/2019;2019;2;3;7;Julho;2;2;Terca-feira;27;false
2019-07-03;03/07/2019;2019;2;3;7;Julho;3;3;Quarta-feira;27;false
2019-07-04;04/07/2019;2019;2;3;7;Julho;4;4;Quinta-feira;27;false
2019-07-05;05/07/2019;2019;2;3;7;Julho;5;5;Sexta-feira;27;false
2019-07-06;06/07/2019;2019;2;3;7;Julho;6;6;Sabado;27;true
2019-07-07;07/07/2019;2019;2;3;7;Julho;7;7;Domingo;27;true
2019-07-08;08/07/2019;2019;2;3;7;Julho;8;1;Segunda-feira;28;false
2019-07-09;09/07/2019;2019;2;3;7;Julho;9;2;Terca-feira;28;false
2019-07-10;10/07/2019;2019;2;3;7;Julho;10;3;Quarta-feira;28;false
2019-07-11;11/07/2019;2019;2;3;7;Julho;11;4;Quinta-feira;28;false
2019-07-12;12/07/2019;2019;2;3;7;Julho;12;5;Sexta-feira;28;false
2019-07-13;13/07/2019;2019;2;3;7;Julho;13;6;Sabado;28;true
2019-07-14;14/07/2019;2019;2;3;7;Julho;14;7;Domingo;28;true
2019-07-15;15/07/2019;2019;2;3;7;Julho;15;1;Segunda-feira;29;false
2019-07-16;16/07/2019;2019;2;3;7;Julho;16;2;Terca-feira;29;false
2019-07-17;17/07/2019;2019;2;3;7;Julho;17;3;Quarta-feira;29;false
2019-07-18;18/07/2019;2019;2;3;7;Julho;18;4;Quinta-feira;29;false
2019-07-19;19/07/2019;2019;2;3;7;Julho;19;5;Sexta-feira;29;false
2019-07-20;20/07/2019;2019;2;3;7;Julho;20;6;Sabado;29;true
2019-07-21;21/07/2019;2019;2;3;7;Julho;21;7;Domingo;29;true
2019-07-22;22/07/2019;2019;2;3;7;Julho;22;1;Segunda-feira;30;false
2019-07-23;23/07/2019;2019;2;3;7;Julho;23;2;Terca-feira;30;false
2019-07-24;24/07/2019;2019;2;3;7;Julho;24;3;Quarta-feira;30;false
2019-07-25;25/07/2019;2019;2;3;7;Julho;25;4;Quinta-feira;30;false
2019-07-26;26/07/2019;2019;2;3;7;Julho;26;5;Sexta-feira;30;false
2019-07-27;27/07/2019;2019;2;3;7;Julho;27;6;Sabado;30;true
2019-07-28;28/07/2019;2019;2;3;7;Julho;28;7;Domingo;30;true
2019-07-29;29/07/2019;2019;2;3;7;Julho;29;1;Segunda-feira;31;false
2019-07-30;30/07/2019;2019;2;3;7;Julho;30;2;Terca-feira;31;false
2019-07-31;31/07/2019;2019;2;3;7;Julho;31;3;Quarta-feira;31;false
2019-08-01;01/08/2019;2019;2;3;8;Agosto;1;4;Quinta-feira;31;false
2019-08-02;02/08/2019;2019;2;3;8;Agosto;2;5;Sexta-feira;31;false
2019-08-03;03/08/2019;2019;2;3;8;Agosto;3;6;Sabado;31;true
2019-08-04;04/08/2019;2019;2;3;8;Agosto;4;7;Domingo;31;true
2019-08-05;05/08/2019;2019;2;3;8;Agosto;5;1;Segunda-feira;32;false
2019-08-06;06/08/2019;2019;2;3;8;Agosto;6;2;Terca-feira;32;false
2019-08-07;07/08/2019;2019;2;3;8;Agosto;7;3;Quarta-feira;32;false
2019-08-08;08/08/2019;2019;2;3;8;Agosto;8;4;Quinta-feira;32;false
2019-08-09;09/08/2019;2019;2;3;8;Agosto;9;5;Sexta-feira;32;false
2019-08-10;10/08/2019;2019;2;3;8;Agosto;10;6;Sabado;32;true
2019-08-11;11/08/2019;2019;2;3;8;Agosto;11;7;Domingo;32;true
2019-08-12;12/08/2019;2019;2;3;8;Agosto;12;1;Segunda-feira;33;false
2019-08-13;13/08/2019;2019;2;3;8;Agosto;13;2;Terca-feira;33;false
2019-08-14;14/08/2019;2019;2;3;8;Agosto;14;3;Quarta-feira;33;false
2019-08-15;15/08/2019;2019;2;3;8;Agosto;15;4;Quinta-feira;33;false
2019-08-16;16/08/2019;2019;2;3;8;Agosto;16;5;Sexta-feira;33;false
2019-08-17;17/08/2019;2019;2;3;8;Agosto;17;6;Sabado;33;true
2019-08-18;18/08/2019;2019;2;3;8;Agosto;18;7;Domingo;33;true
2019-08-19;19/08/2019;2019;2;3;8;Agosto;19;1;Segunda-feira;34;false
2019-08-20;20/08/2019;2019;2;3;8;Agosto;20;2;Terca-feira;34;false
2019-08-21;21/08/2019;2019;2;3;8;Agosto;21;3;Quarta-feira;34;false
2019-08-22;22/08/2019;2019;2;3;8;Agosto;22;4;Quinta-feira;34;false
2019-08-23;23/08/2019;2019;2;3;8;Agosto;23;5;Sexta-feira;34;false
2019-08-24;24/08/2019;2019;2;3;8;Agosto;24;6;Sabado;34;true
2019-08-25;25/08/2019;2019;2;3;8;Agosto;25;7;Domingo;34;true
2019-08-26;26/08/2019;2019;2;3;8;Agosto;26;1;Segunda-feira;35;false
2019-08-27;27/08/2019;2019;2;3;8;Agosto;27;2;Terca-feira;35;false
2019-08-28;28/08/2019;2019;2;3;8;Agosto;28;3;Quarta-feira;35;false
2019-08-29;29/08/2019;2019;2;3;8;Agosto;29;4;Quinta-feira;35;false
2019-08-30;30/08/2019;2019;2;3;8;Agosto;30;5;Sexta-feira;35;false
2019-08-31;31/08/2019;2019;2;3;8;Agosto;31;6;Sabado;35;true
2019-09-01;01/09/2019;2019;2;3;9;Setembro;1;7;Domingo;35;true
2019-09-02;02/09/2019;2019;2;3;9;Setembro;2;1;Segunda-feira;36;false
2019-09-03;03/09/2019;2019;2;3;9;Setembro;3;2;Terca-feira;36;false
2019-09-04;04/09/2019;2019;2;3;9;Setembro;4;3;Quarta-feira;36;false
2019-09-05;05/09/2019;2019;2;3;9;Setembro;5;4;Quinta-feira;36;false
2019-09-06;06/09/2019;2019;2;3;9;Setembro;6;5;Sexta-feira;36;false
2019-09-07;07/09/2019;2019;2;3;9;Setembro;7;6;Sabado;36;true
2019-09-08;08/09/2019;2019;2;3;9;Setembro;8;7;Domingo;36;true
2019-09-09;09/09/2019;2019;2;3;9;Setembro;9;1;Segunda-feira;37;false
2019-09-10;10/09/2019;2019;2;3;9;Setembro;10;2;Terca-feira;37;false
2019-09-11;11/09/2019;2019;2;3;9;Setembro;11;3;Quarta-feira;37;false
2019-09-12;12/09/2019;2019;2;3;9;Setembro;12;4;Quinta-feira;37;false
2019-09-13;13/09/2019;2019;2;3;9;Setembro;13;5;Sexta-feira;37;false
2019-09-14;14/09/2019;2019;2;3;9;Setembro;14;6;Sabado;37;true
2019-09-15;15/09/2019;2019;2;3;9;Setembro;15;7;Domingo;37;true
2019-09-16;16/09/2019;2019;2;3;9;Setembro;16;1;Segunda-feira;38;false
2019-09-17;17/09/2019;2019;2;3;9;Setembro;17;2;Terca-feira;38;false
2019-09-18;18/09/2019;2019;2;3;9;Setembro;18;3;Quarta-feira;38;false
2019-09-19;19/09/2019;2019;2;3;9;Setembro;19;4;Quinta-feira;38;false
2019-09-20;20/09/2019;2019;2;3;9;Setembro;20;5;Sexta-feira;38;false
2019-09-21;21/09/2019;2019;2;3;9;Setembro;21;6;Sabado;38;true
2019-09-22;22/09/2019;2019;2;3;9;Setembro;22;7;Domingo;38;true
2019-09-23;23/09/2019;2019;2;3;9;Setembro;23;1;Segunda-feira;39;false
2019-09-24;24/09/2019;2019;2;3;9;Setembro;24;2;Terca-feira;39;false
2019-09-25;25/09/2019;2019;2;3;9;Setembro;25;3;Quarta-feira;39;false
2019-09-26;26/09/2019;2019;2;3;9;Setembro;26;4;Quinta-feira;39;false
2019-09-27;27/09/2019;2019;2;3;9;Setembro;27;5;Sexta-feira;39;false
2019-09-28;28/09/2019;2019;2;3;9;Setembro;28;6;Sabado;39;true
2019-09-29;29/09/2019;2019;2;3;9;Setembro;29;7;Domingo;39;true
2019-09-30;30/09/2019;2019;2;3;9;Setembro;30;1;Segunda-feira;40;false
2019-10-01;01/10/2019;2019;2;4;10;Outubro;1;2;Terca-feira;40;false
2019-10-02;02/10/2019;2019;2;4;10;Outubro;2;3;Quarta-feira;40;false
2019-10-03;03/10/2019;2019;2;4;10;Outubro;3;4;Quinta-feira;40;false
2019-10-04;04/10/2019;2019;2;4;10;Outubro;4;5;Sexta-feira;40;false
2019-10-05;05/10/2019;2019;2;4;10;Outubro;5;6;Sabado;40;true
2019-10-06;06/10/2019;2019;2;4;10;Outubro;6;7;Domingo;40;true
2019-10-07;07/10/2019;2019;2;4;10;Outubro;7;1;Segunda-feira;41;false
2019-10-08;08/10/2019;2019;2;4;10;Outubro;8;2;Terca-feira;41;false
2019-10-09;09/10/2019;2019;2;4;10;Outubro;9;3;Quarta-feira;41;false
2019-10-10;10/10/2019;2019;2;4;10;Outubro;10;4;Quinta-feira;41;false
2019-10-11;11/10/2019;2019;2;4;10;Outubro;11;5;Sexta-feira;41;false
2019-10-12;12/10/2019;2019;2;4;10;Outubro;12;6;Sabado;41;true
2019-10-13;13/10/2019;2019;2;4;10;Outubro;13;7;Domingo;41;true
2019-10-14;14/10/2019;2019;2;4;10;Outubro;14;1;Segunda-feira;42;false
2019-10-15;15/10/2019;2019;2;4;10;Outubro;15;2;Terca-feira;42;false
2019-10-16;16/10/2019;2019;2;4;10;Outubro;16;3;Quarta-feira;42;false
2019-10-17;17/10/2019;2019;2;4;10;Outubro;17;4;Quinta-feira;42;false
2019-10-18;18/10/2019;2019;2;4;10;Outubro;18;5;Sexta-feira;42;false
2019-10-19;19/10/2019;2019;2;4;10;Outubro;19;6;Sabado;42;true
2019-10-20;20/10/2019;2019;2;4;10;Outubro;20;7;Domingo;42;true
2019-10-21;21/10/2019;2019;2;4;10;Outubro;21;1;Segunda-feira;43;false
2019-10-22;22/10/2019;2019;2;4;10;Outubro;22;2;Terca-feira;43;false
2019-10-23;23/10/2019;2019;2;4;10;Outubro;23;3;Quarta-feira;43;false
2019-10-24;24/10/2019;2019;2;4;10;Outubro;24;4;Quinta-feira;43;false
2019-10-25;25/10/2019;2019;2;4;10;Outubro;25;5;Sexta-feira;43;false
2019-10-26;26/10/2019;2019;2;4;10;Outubro;26;6;Sabado;43;true
2019-10-27;27/10/2019;2019;2;4;10;Outubro;27;7;Domingo;43;true
2019-10-28;28/10/2019;2019;2;4;10;Outubro;28;1;Segunda-feira;44;false
2019-10-29;29/10/2019;2019;2;4;10;Outubro;29;2;Terca-feira;44;false
2019-10-30;30/10/2019;2019;2;4;10;Outubro;30;3;Quarta-feira;44;false
2019-10-31;31/10/2019;2019;2;4;10;Outubro;31;4;Quinta-feira;44;false
2019-11-01;01/11/2019;2019;2;4;11;Novembro;1;5;Sexta-feira;44;false
2019-11-02;02/11/2019;2019;2;4;11;Novembro;2;6;Sabado;44;true
2019-11-03;03/11/2019;2019;2;4;11;Novembro;3;7;Domingo;44;true
2019-11-04;04/11/2019;2019;2;4;11;Novembro;4;1;Segunda-feira;45;false
2019-11-05;05/11/2019;2019;2;4;11;Novembro;5;2;Terca-feira;45;false
2019-11-06;06/11/2019;2019;2;4;11;Novembro;6;3;Quarta-feira;45;false
2019-11-07;07/11/2019;2019;2;4;11;Novembro;7;4;Quinta-feira;45;false
2019-11-08;08/11/2019;2019;2;4;11;Novembro;8;5;Sexta-feira;45;false
2019-11-09;09/11/2019;2019;2;4;11;Novembro;9;6;Sabado;45;true
2019-11-10;10/11/2019;2019;2;4;11;Novembro;10;7;Domingo;45;true
2019-11-11;11/11/2019;2019;2;4;11;Novembro;11;1;Segunda-feira;46;false
2019-11-12;12/11/2019;2019;2;4;11;Novembro;12;2;Terca-feira;46;false
2019-11-13;13/11/2019;2019;2;4;11;Novembro;13;3;Quarta-feira;46;false
2019-11-14;14/11/2019;2019;2;4;11;Novembro;14;4;Quinta-feira;46;false
2019-11-15;15/11/2019;2019;2;4;11;Novembro;15;5;Sexta-feira;46;false
2019-11-16;16/11/2019;2019;2;4;11;Novembro;16;6;Sabado;46;true
2019-11-17;17/11/2019;2019;2;4;11;Novembro;17;7;Domingo;46;true
2019-11-18;18/11/2019;2019;2;4;11;Novembro;18;1;Segunda-feira;47;false
2019-11-19;19/11/2019;2019;2;4;11;Novembro;19;2;Terca-feira;47;false
2019-11-20;20/11/2019;2019;2;4;11;Novembro;20;3;Quarta-feira;47;false
2019-11-21;21/11/2019;2019;2;4;11;Novembro;21;4;Quinta-feira;47;false
2019-11-22;22/11/2019;2019;2;4;11;Novembro;22;5;Sexta-feira;47;false
2019-11-23;23/11/2019;2019;2;4;11;Novembro;23;6;Sabado;47;true
2019-11-24;24/11/2019;2019;2;4;11;Novembro;24;7;Domingo;47;true
2019-11-25;25/11/2019;2019;2;4;11;Novembro;25;1;Segunda-feira;48;false
2019-11-26;26/11/2019;2019;2;4;11;Novembro;26;2;Terca-feira;48;false
2019-11-27;27/11/2019;2019;2;4;11;Novembro;27;3;Quarta-feira;48;false
2019-11-28;28/11/2019;2019;2;4;11;Novembro;28;4;Quinta-feira;48;false
2019-11-29;29/11/2019;2019;2;4;11;Novembro;29;5;Sexta-feira;48;false
2019-11-30;30/11/2019;2019;2;4;11;Novembro;30;6;Sabado;48;true
2019-12-01;01/12/2019;2019;2;4;12;Dezembro;1;7;Domingo;48;true
2019-12-02;02/12/2019;2019;2;4;12;Dezembro;2;1;Segunda-feira;49;false
2019-12-03;03/12/2019;2019;2;4;12;Dezembro;3;2;Terca-feira;49;false
2019-12-04;04/12/2019;2019;2;4;12;Dezembro;4;3;Quarta-feira;49;false
2019-12-05;05/12/2019;2019;2;4;12;Dezembro;5;4;Quinta-feira;49;false
2019-12-06;06/12/2019;2019;2;4;12;Dezembro;6;5;Sexta-feira;49;false
2019-12-07;07/12/2019;2019;2;4;12;Dezembro;7;6;Sabado;49;true
2019-12-08;08/12/2019;2019;2;4;12;Dezembro;8;7;Domingo;49;true
2019-12-09;09/12/2019;2019;2;4;12;Dezembro;9;1;Segunda-feira;50;false
2019-12-10;10/12/2019;2019;2;4;12;Dezembro;10;2;Terca-feira;50;false
2019-12-11;11/12/2019;2019;2;4;12;Dezembro;11;3;Quarta-feira;50;false
2019-12-12;12/12/2019;2019;2;4;12;Dezembro;12;4;Quinta-feira;50;false
2019-12-13;13/12/2019;2019;2;4;12;Dezembro;13;5;Sexta-feira;50;false
2019-12-14;14/12/2019;2019;2;4;12;Dezembro;14;6;Sabado;50;true
2019-12-15;15/12/2019;2019;2;4;12;Dezembro;15;7;Domingo;50;true
2019-12-16;16/12/2019;2019;2;4;12;Dezembro;16;1;Segunda-feira;51;false
2019-12-17;17/12/2019;2019;2;4;12;Dezembro;17;2;Terca-feira;51;false
2019-12-18;18/12/2019;2019;2;4;12;Dezembro;18;3;Quarta-feira;51;false
2019-12-19;19/12/2019;2019;2;4;12;Dezembro;19;4;Quinta-feira;51;false
2019-12-20;20/12/2019;2019;2;4;12;Dezembro;20;5;Sexta-feira;51;false
2019-12-21;21/12/2019;2019;2;4;12;Dezembro;21;6;Sabado;51;true
2019-12-22;22/12/2019;2019;2;4;12;Dezembro;22;7;Domingo;51;true
2019-12-23;23/12/2019;2019;2;4;12;Dezembro;23;1;Segunda-feira;52;false
2019-12-24;24/12/2019;2019;2;4;12;Dezembro;24;2;Terca-feira;52;false
2019-12-25;25/12/2019;2019;2;4;12;Dezembro;25;3;Quarta-feira;52;false
2019-12-26;26/12/2019;2019;2;4;12;Dezembro;26;4;Quinta-feira;52;false
2019-12-27;27/12/2019;2019;2;4;12;Dezembro;27;5;Sexta-feira;52;false
2019-12-28;28/12/2019;2019;2;4;12;Dezembro;28;6;Sabado;52;true
2019-12-29;29/12/2019;2019;2;4;12;Dezembro;29;7;Domingo;52;true
2019-12-30;30/12/2019;2019;2;4;12;Dezembro;30;1;Segunda-feira;1;false
2019-12-31;31/12/2019;2019;2;4;12;Dezembro;31;2;Terca-feira;1;false
2020-01-01;01/01/2020;2020;1;1;1;Janeiro;1;3;Quarta-feira;1;false
2020-01-02;02/01/2020;2020;1;1;1;Janeiro;2;4;Quinta-feira;1;false
2020-01-03;03/01/2020;2020;1;1;1;Janeiro;3;5;Sexta-feira;1;false
2020-01-04;04/01/2020;2020;1;1;1;Janeiro;4;6;Sabado;1;true
2020-01-05;05/01/2020;2020;1;1;1;Janeiro;5;7;Domingo;1;true
2020-01-06;06/01/2020;2020;1;1;1;Janeiro;6;1;Segunda-feira;2;false
2020-01-07;07/01/2020;2020;1;1;1;Janeiro;7;2;Terca-feira;2;false
2020-01-08;08/01/2020;2020;1;1;1;Janeiro;8;3;Quarta-feira;2;false
2020-01-09;09/01/2020;2020;1;1;1;Janeiro;9;4;Quinta-feira;2;false
2020-01-10;10/01/2020;2020;1;1;1;Janeiro;10;5;Sexta-feira;2;false
2020-01-11;11/01/2020;2020;1;1;1;Janeiro;11;6;Sabado;2;true
2020-01-12;12/01/2020;2020;1;1;1;Janeiro;12;7;Domingo;2;true
2020-01-13;13/01/2020;2020;1;1;1;Janeiro;13;1;Segunda-feira;3;false
2020-01-14;14/01/2020;2020;1;1;1;Janeiro;14;2;Terca-feira;3;false
2020-01-15;15/01/2020;2020;1;1;1;Janeiro;15;3;Quarta-feira;3;false
2020-01-16;16/01/2020;2020;1;1;1;Janeiro;16;4;Quinta-feira;3;false
2020-01-17;17/01/2020;2020;1;1;1;Janeiro;17;5;Sexta-feira;3;false
2020-01-18;18/01/2020;2020;1;1;1;Janeiro;18;6;Sabado;3;true
2020-01-19;19/01/2020;2020;1;1;1;Janeiro;19;7;Domingo;3;true
2020-01-20;20/01/2020;2020;1;1;1;Janeiro;20;1;Segunda-feira;4;false
2020-01-21;21/01/2020;2020;1;1;1;Janeiro;21;2;Terca-feira;4;false
2020-01-22;22/01/2020;2020;1;1;1;Janeiro;22;3;Quarta-feira;4;false
2020-01-23;23/01/2020;2020;1;1;1;Janeiro;23;4;Quinta-feira;4;false
2020-01-24;24/01/2020;2020;1;1;1;Janeiro;24;5;Sexta-feira;4;false
2020-01-25;25/01/2020;2020;1;1;1;Janeiro;25;6;Sabado;4;true
2020-01-26;26/01/2020;2020;1;1;1;Janeiro;26;7;Domingo;4;true
2020-01-27;27/01/2020;2020;1;1;1;Janeiro;27;1;Segunda-feira;5;false
2020-01-28;28/01/2020;2020;1;1;1;Janeiro;28;2;Terca-feira;5;false
2020-01-29;29/01/2020;2020;1;1;1;Janeiro;29;3;Quarta-feira;5;false
2020-01-30;30/01/2020;2020;1;1;1;Janeiro;30;4;Quinta-feira;5;false
2020-01-31;31/01/2020;2020;1;1;1;Janeiro;31;5;Sexta-feira;5;false
2020-02-01;01/02/2020;2020;1;1;2;Fevereiro;1;6;Sabado;5;true
2020-02-02;02/02/2020;2020;1;1;2;Fevereiro;2;7;Domingo;5;true
2020-02-03;03/02/2020;2020;1;1;2;Fevereiro;3;1;Segunda-feira;6;false
2020-02-04;04/02/2020;2020;1;1;2;Fevereiro;4;2;Terca-feira;6;false
2020-02-05;05/02/2020;2020;1;1;2;Fevereiro;5;3;Quarta-feira;6;false
2020-02-06;06/02/2020;2020;1;1;2;Fevereiro;6;4;Quinta-feira;6;false
2020-02-07;07/02/2020;2020;1;1;2;Fevereiro;7;5;Sexta-feira;6;false
2020-02-08;08/02/2020;2020;1;1;2;Fevereiro;8;6;Sabado;6;true
2020-02-09;09/02/2020;2020;1;1;2;Fevereiro;9;7;Domingo;6;true
2020-02-10;10/02/2020;2020;1;1;2;Fevereiro;10;1;Segunda-feira;7;false
2020-02-11;11/02/2020;2020;1;1;2;Fevereiro;11;2;Terca-feira;7;false
2020-02-12;12/02/2020;2020;1;1;2;Fevereiro;12;3;Quarta-feira;7;false
2020-02-13;13/02/2020;2020;1;1;2;Fevereiro;13;4;Quinta-feira;7;false
2020-02-14;14/02/2020;2020;1;1;2;Fevereiro;14;5;Sexta-feira;7;false
2020-02-15;15/02/2020;2020;1;1;2;Fevereiro;15;6;Sabado;7;true
2020-02-16;16/02/2020;2020;1;1;2;Fevereiro;16;7;Domingo;7;true
2020-02-17;17/02/2020;2020;1;1;2;Fevereiro;17;1;Segunda-feira;8;false
2020-02-18;18/02/2020;2020;1;1;2;Fevereiro;18;2;Terca-feira;8;false
2020-02-19;19/02/2020;2020;1;1;2;Fevereiro;19;3;Quarta-feira;8;false
2020-02-20;20/02/2020;2020;1;1;2;Fevereiro;20;4;Quinta-feira;8;false
2020-02-21;21/02/2020;2020;1;1;2;Fevereiro;21;5;Sexta-feira;8;false
2020-02-22;22/02/2020;2020;1;1;2;Fevereiro;22;6;Sabado;8;true
2020-02-23;23/02/2020;2020;1;1;2;Fevereiro;23;7;Domingo;8;true
2020-02-24;24/02/2020;2020;1;1;2;Fevereiro;24;1;Segunda-feira;9;false
2020-02-25;25/02/2020;2020;1;1;2;Fevereiro;25;2;Terca-feira;9;false
2020-02-26;26/02/2020;2020;1;1;2;Fevereiro;26;3;Quarta-feira;9;false
2020-02-27;27/02/2020;2020;1;1;2;Fevereiro;27;4;Quinta-feira;9;false
2020-02-28;28/02/2020;2020;1;1;2;Fevereiro;28;5;Sexta-feira;9;false
2020-02-29;29/02/2020;2020;1;1;2;Fevereiro;29;6;Sabado;9;true
2020-03-01;01/03/2020;2020;1;1;3;Marco;1;7;Domingo;9;true
2020-03-02;02/03/2020;2020;1;1;3;Marco;2;1;Segunda-feira;10;false
2020-03-03;03/03/2020;2020;1;1;3;Marco;3;2;Terca-feira;10;false
2020-03-04;04/03/2020;2020;1;1;3;Marco;4;3;Quarta-feira;10;false
2020-03-05;05/03/2020;2020;1;1;3;Marco;5;4;Quinta-feira;10;false
2020-03-06;06/03/2020;2020;1;1;3;Marco;6;5;Sexta-feira;10;false
2020-03-07;07/03/2020;2020;1;1;3;Marco;7;6;Sabado;10;true
2020-03-08;08/03/2020;2020;1;1;3;Marco;8;7;Domingo;10;true
2020-03-09;09/03/2020;2020;1;1;3;Marco;9;1;Segunda-feira;11;false
2020-03-10;10/03/2020;2020;1;1;3;Marco;10;2;Terca-feira;11;false
2020-03-11;11/03/2020;2020;1;1;3;Marco;11;3;Quarta-feira;11;false
2020-03-12;12/03/2020;2020;1;1;3;Marco;12;4;Quinta-feira;11;false
2020-03-13;13/03/2020;2020;1;1;3;Marco;13;5;Sexta-feira;11;false
2020-03-14;14/03/2020;2020;1;1;3;Marco;14;6;Sabado;11;true
2020-03-15;15/03/2020;2020;1;1;3;Marco;15;7;Domingo;11;true
2020-03-16;16/03/2020;2020;1;1;3;Marco;16;1;Segunda-feira;12;false
2020-03-17;17/03/2020;2020;1;1;3;Marco;17;2;Terca-feira;12;false
2020-03-18;18/03/2020;2020;1;1;3;Marco;18;3;Quarta-feira;12;false
2020-03-19;19/03/2020;2020;1;1;3;Marco;19;4;Quinta-feira;12;false
2020-03-20;20/03/2020;2020;1;1;3;Marco;20;5;Sexta-feira;12;false
2020-03-21;21/03/2020;2020;1;1;3;Marco;21;6;Sabado;12;true
2020-03-22;22/03/2020;2020;1;1;3;Marco;22;7;Domingo;12;true
2020-03-23;23/03/2020;2020;1;1;3;Marco;23;1;Segunda-feira;13;false
2020-03-24;24/03/2020;2020;1;1;3;Marco;24;2;Terca-feira;13;false
2020-03-25;25/03/2020;2020;1;1;3;Marco;25;3;Quarta-feira;13;false
2020-03-26;26/03/2020;2020;1;1;3;Marco;26;4;Quinta-feira;13;false
2020-03-27;27/03/2020;2020;1;1;3;Marco;27;5;Sexta-feira;13;false
2020-03-28;28/03/2020;2020;1;1;3;Marco;28;6;Sabado;13;true
2020-03-29;29/03/2020;2020;1;1;3;Marco;29;7;Domingo;13;true
2020-03-30;30/03/2020;2020;1;1;3;Marco;30;1;Segunda-feira;14;false
2020-03-31;31/03/2020;2020;1;1;3;Marco;31;2;Terca-feira;14;false
2020-04-01;01/04/2020;2020;1;2;4;Abril;1;3;Quarta-feira;14;false
2020-04-02;02/04/2020;2020;1;2;4;Abril;2;4;Quinta-feira;14;false
2020-04-03;03/04/2020;2020;1;2;4;Abril;3;5;Sexta-feira;14;false
2020-04-04;04/04/2020;2020;1;2;4;Abril;4;6;Sabado;14;true
2020-04-05;05/04/2020;2020;1;2;4;Abril;5;7;Domingo;14;true
2020-04-06;06/04/2020;2020;1;2;4;Abril;6;1;Segunda-feira;15;false
2020-04-07;07/04/2020;2020;1;2;4;Abril;7;2;Terca-feira;15;false
2020-04-08;08/04/2020;2020;1;2;4;Abril;8;3;Quarta-feira;15;false
2020-04-09;09/04/2020;2020;1;2;4;Abril;9;4;Quinta-feira;15;false
2020-04-10;10/04/2020;2020;1;2;4;Abril;10;5;Sexta-feira;15;false
2020-04-11;11/04/2020;2020;1;2;4;Abril;11;6;Sabado;15;true
2020-04-12;12/04/2020;2020;1;2;4;Abril;12;7;Domingo;15;true
2020-04-13;13/04/2020;2020;1;2;4;Abril;13;1;Segunda-feira;16;false
2020-04-14;14/04/2020;2020;1;2;4;Abril;14;2;Terca-feira;16;false
2020-04-15;15/04/2020;2020;1;2;4;Abril;15;3;Quarta-feira;16;false
2020-04-16;16/04/2020;2020;1;2;4;Abril;16;4;Quinta-feira;16;false
2020-04-17;17/04/2020;2020;1;2;4;Abril;17;5;Sexta-feira;16;false
2020-04-18;18/04/2020;2020;1;2;4;Abril;18;6;Sabado;16;true
2020-04-19;19/04/2020;2020;1;2;4;Abril;19;7;Domingo;16;true
2020-04-20;20/04/2020;2020;1;2;4;Abril;20;1;Segunda-feira;17;false
2020-04-21;21/04/2020;2020;1;2;4;Abril;21;2;Terca-feira;17;false
2020-04-22;22/04/2020;2020;1;2;4;Abril;22;3;Quarta-feira;17;false
2020-04-23;23/04/2020;2020;1;2;4;Abril;23;4;Quinta-feira;17;false
2020-04-24;24/04/2020;2020;1;2;4;Abril;24;5;Sexta-feira;17;false
2020-04-25;25/04/2020;2020;1;2;4;Abril;25;6;Sabado;17;true
2020-04-26;26/04/2020;2020;1;2;4;Abril;26;7;Domingo;17;true
2020-04-27;27/04/2020;2020;1;2;4;Abril;27;1;Segunda-feira;18;false
2020-04-28;28/04/2020;2020;1;2;4;Abril;28;2;Terca-feira;18;false
2020-04-29;29/04/2020;2020;1;2;4;Abril;29;3;Quarta-feira;18;false
2020-04-30;30/04/2020;2020;1;2;4;Abril;30;4;Quinta-feira;18;false
2020-05-01;01/05/2020;2020;1;2;5;Maio;1;5;Sexta-feira;18;false
2020-05-02;02/05/2020;2020;1;2;5;Maio;2;6;Sabado;18;true
2020-05-03;03/05/2020;2020;1;2;5;Maio;3;7;Domingo;18;true
2020-05-04;04/05/2020;2020;1;2;5;Maio;4;1;Segunda-feira;19;false
2020-05-05;05/05/2020;2020;1;2;5;Maio;5;2;Terca-feira;19;false
2020-05-06;06/05/2020;2020;1;2;5;Maio;6;3;Quarta-feira;19;false
2020-05-07;07/05/2020;2020;1;2;5;Maio;7;4;Quinta-feira;19;false
2020-05-08;08/05/2020;2020;1;2;5;Maio;8;5;Sexta-feira;19;false
2020-05-09;09/05/2020;2020;1;2;5;Maio;9;6;Sabado;19;true
2020-05-10;10/05/2020;2020;1;2;5;Maio;10;7;Domingo;19;true
2020-05-11;11/05/2020;2020;1;2;5;Maio;11;1;Segunda-feira;20;false
2020-05-12;12/05/2020;2020;1;2;5;Maio;12;2;Terca-feira;20;false
2020-05-13;13/05/2020;2020;1;2;5;Maio;13;3;Quarta-feira;20;false
2020-05-14;14/05/2020;2020;1;2;5;Maio;14;4;Quinta-feira;20;false
2020-05-15;15/05/2020;2020;1;2;5;Maio;15;5;Sexta-feira;20;false
2020-05-16;16/05/2020;2020;1;2;5;Maio;16;6;Sabado;20;true
2020-05-17;17/05/2020;2020;1;2;5;Maio;17;7;Domingo;20;true
2020-05-18;18/05/2020;2020;1;2;5;Maio;18;1;Segunda-feira;21;false
2020-05-19;19/05/2020;2020;1;2;5;Maio;19;2;Terca-feira;21;false
2020-05-20;20/05/2020;2020;1;2;5;Maio;20;3;Quarta-feira;21;false
2020-05-21;21/05/2020;2020;1;2;5;Maio;21;4;Quinta-feira;21;false
2020-05-22;22/05/2020;2020;1;2;5;Maio;22;5;Sexta-feira;21;false
2020-05-23;23/05/2020;2020;1;2;5;Maio;23;6;Sabado;21;true
2020-05-24;24/05/2020;2020;1;2;5;Maio;24;7;Domingo;21;true
2020-05-25;25/05/2020;2020;1;2;5;Maio;25;1;Segunda-feira;22;false
2020-05-26;26/05/2020;2020;1;2;5;Maio;26;2;Terca-feira;22;false
2020-05-27;27/05/2020;2020;1;2;5;Maio;27;3;Quarta-feira;22;false
2020-05-28;28/05/2020;2020;1;2;5;Maio;28;4;Quinta-feira;22;false
2020-05-29;29/05/2020;2020;1;2;5;Maio;29;5;Sexta-feira;22;false
2020-05-30;30/05/2020;2020;1;2;5;Maio;30;6;Sabado;22;true
2020-05-31;31/05/2020;2020;1;2;5;Maio;31;7;Domingo;22;true
2020-06-01;01/06/2020;2020;1;2;6;Junho;1;1;Segunda-feira;23;false
2020-06-02;02/06/2020;2020;1;2;6;Junho;2;2;Terca-feira;23;false
2020-06-03;03/06/2020;2020;1;2;6;Junho;3;3;Quarta-feira;23;false
2020-06-04;04/06/2020;2020;1;2;6;Junho;4;4;Quinta-feira;23;false
2020-06-05;05/06/2020;2020;1;2;6;Junho;5;5;Sexta-feira;23;false
2020-06-06;06/06/2020;2020;1;2;6;Junho;6;6;Sabado;23;true
2020-06-07;07/06/2020;2020;1;2;6;Junho;7;7;Domingo;23;true
2020-06-08;08/06/2020;2020;1;2;6;Junho;8;1;Segunda-feira;24;false
2020-06-09;09/06/2020;2020;1;2;6;Junho;9;2;Terca-feira;24;false
2020-06-10;10/06/2020;2020;1;2;6;Junho;10;3;Quarta-feira;24;false
2020-06-11;11/06/2020;2020;1;2;6;Junho;11;4;Quinta-feira;24;false
2020-06-12;12/06/2020;2020;1;2;6;Junho;12;5;Sexta-feira;24;false
2020-06-13;13/06/2020;2020;1;2;6;Junho;13;6;Sabado;24;true
2020-06-14;14/06/2020;2020;1;2;6;Junho;14;7;Domingo;24;true
2020-06-15;15/06/2020;2020;1;2;6;Junho;15;1;Segunda-feira;25;false
2020-06-16;16/06/2020;2020;1;2;6;Junho;16;2;Terca-feira;25;false
2020-06-17;17/06/2020;2020;1;2;6;Junho;17;3;Quarta-feira;25;false
2020-06-18;18/06/2020;2020;1;2;6;Junho;18;4;Quinta-feira;25;false
2020-06-19;19/06/2020;2020;1;2;6;Junho;19;5;Sexta-feira;25;false
2020-06-20;20/06/2020;2020;1;2;6;Junho;20;6;Sabado;25;true
2020-06-21;21/06/2020;2020;1;2;6;Junho;21;7;Domingo;25;true
2020-06-22;22/06/2020;2020;1;2;6;Junho;22;1;Segunda-feira;26;false
2020-06-23;23/06/2020;2020;1;2;6;Junho;23;2;Terca-feira;26;false
2020-06-24;24/06/2020;2020;1;2;6;Junho;24;3;Quarta-feira;26;false
2020-06-25;25/06/2020;2020;1;2;6;Junho;25;4;Quinta-feira;26;false
2020-06-26;26/06/2020;2020;1;2;6;Junho;26;5;Sexta-feira;26;false
2020-06-27;27/06/2020;2020;1;2;6;Junho;27;6;Sabado;26;true
2020-06-28;28/06/2020;2020;1;2;6;Junho;28;7;Domingo;26;true
2020-06-29;29/06/2020;2020;1;2;6;Junho;29;1;Segunda-feira;27;false
2020-06-30;30/06/2020;2020;1;2;6;Junho;30;2;Terca-feira;27;false
2020-07-01;01/07/2020;2020;2;3;7;Julho;1;3;Quarta-feira;27;false
2020-07-02;02/07/2020;2020;2;3;7;Julho;2;4;Quinta-feira;27;false
2020-07-03;03/07/2020;2020;2;3;7;Julho;3;5;Sexta-feira;27;false
2020-07-04;04/07/2020;2020;2;3;7;Julho;4;6;Sabado;27;true
2020-07-05;05/07/2020;2020;2;3;7;Julho;5;7;Domingo;27;true
2020-07-06;06/07/2020;2020;2;3;7;Julho;6;1;Segunda-feira;28;false
2020-07-07;07/07/2020;2020;2;3;7;Julho;7;2;Terca-feira;28;false
2020-07-08;08/07/2020;2020;2;3;7;Julho;8;3;Quarta-feira;28;false
2020-07-09;09/07/2020;2020;2;3;7;Julho;9;4;Quinta-feira;28;false
2020-07-10;10/07/2020;2020;2;3;7;Julho;10;5;Sexta-feira;28;false
2020-07-11;11/07/2020;2020;2;3;7;Julho;11;6;Sabado;28;true
2020-07-12;12/07/2020;2020;2;3;7;Julho;12;7;Domingo;28;true
2020-07-13;13/07/2020;2020;2;3;7;Julho;13;1;Segunda-feira;29;false
2020-07-14;14/07/2020;2020;2;3;7;Julho;14;2;Terca-feira;29;false
2020-07-15;15/07/2020;2020;2;3;7;Julho;15;3;Quarta-feira;29;false
2020-07-16;16/07/2020;2020;2;3;7;Julho;16;4;Quinta-feira;29;false
2020-07-17;17/07/2020;2020;2;3;7;Julho;17;5;Sexta-feira;29;false
2020-07-18;18/07/2020;2020;2;3;7;Julho;18;6;Sabado;29;true
2020-07-19;19/07/2020;2020;2;3;7;Julho;19;7;Domingo;29;true
2020-07-20;20/07/2020;2020;2;3;7;Julho;20;1;Segunda-feira;30;false
2020-07-21;21/07/2020;2020;2;3;7;Julho;21;2;Terca-feira;30;false
2020-07-22;22/07/2020;2020;2;3;7;Julho;22;3;Quarta-feira;30;false
2020-07-23;23/07/2020;2020;2;3;7;Julho;23;4;Quinta-feira;30;false
2020-07-24;24/07/2020;2020;2;3;7;Julho;24;5;Sexta-feira;30;false
2020-07-25;25/07/2020;2020;2;3;7;Julho;25;6;Sabado;30;true
2020-07-26;26/07/2020;2020;2;3;7;Julho;26;7;Domingo;30;true
2020-07-27;27/07/2020;2020;2;3;7;Julho;27;1;Segunda-feira;31;false
2020-07-28;28/07/2020;2020;2;3;7;Julho;28;2;Terca-feira;31;false
2020-07-29;29/07/2020;2020;2;3;7;Julho;29;3;Quarta-feira;31;false
2020-07-30;30/07/2020;2020;2;3;7;Julho;30;4;Quinta-feira;31;false
2020-07-31;31/07/2020;2020;2;3;7;Julho;31;5;Sexta-feira;31;false
2020-08-01;01/08/2020;2020;2;3;8;Agosto;1;6;Sabado;31;true
2020-08-02;02/08/2020;2020;2;3;8;Agosto;2;7;Domingo;31;true
2020-08-03;03/08/2020;2020;2;3;8;Agosto;3;1;Segunda-feira;32;false
2020-08-04;04/08/2020;2020;2;3;8;Agosto;4;2;Terca-feira;32;false
2020-08-05;05/08/2020;2020;2;3;8;Agosto;5;3;Quarta-feira;32;false
2020-08-06;06/08/2020;2020;2;3;8;Agosto;6;4;Quinta-feira;32;false
2020-08-07;07/08/2020;2020;2;3;8;Agosto;7;5;Sexta-feira;32;false
2020-08-08;08/08/2020;2020;2;3;8;Agosto;8;6;Sabado;32;true
2020-08-09;09/08/2020;2020;2;3;8;Agosto;9;7;Domingo;32;true
2020-08-10;10/08/2020;2020;2;3;8;Agosto;10;1;Segunda-feira;33;false
2020-08-11;11/08/2020;2020;2;3;8;Agosto;11;2;Terca-feira;33;false
2020-08-12;12/08/2020;2020;2;3;8;Agosto;12;3;Quarta-feira;33;false
2020-08-13;13/08/2020;2020;2;3;8;Agosto;13;4;Quinta-feira;33;false
2020-08-14;14/08/2020;2020;2;3;8;Agosto;14;5;Sexta-feira;33;false
2020-08-15;15/08/2020;2020;2;3;8;Agosto;15;6;Sabado;33;true
2020-08-16;16/08/2020;2020;2;3;8;Agosto;16;7;Domingo;33;true
2020-08-17;17/08/2020;2020;2;3;8;Agosto;17;1;Segunda-feira;34;false
2020-08-18;18/08/2020;2020;2;3;8;Agosto;18;2;Terca-feira;34;false
2020-08-19;19/08/2020;2020;2;3;8;Agosto;19;3;Quarta-feira;34;false
2020-08-20;20/08/2020;2020;2;3;8;Agosto;20;4;Quinta-feira;34;false
2020-08-21;21/08/2020;2020;2;3;8;Agosto;21;5;Sexta-feira;34;false
2020-08-22;22/08/2020;2020;2;3;8;Agosto;22;6;Sabado;34;true
2020-08-23;23/08/2020;2020;2;3;8;Agosto;23;7;Domingo;34;true
2020-08-24;24/08/2020;2020;2;3;8;Agosto;24;1;Segunda-feira;35;false
2020-08-25;25/08/2020;2020;2;3;8;Agosto;25;2;Terca-feira;35;false
2020-08-26;26/08/2020;2020;2;3;8;Agosto;26;3;Quarta-feira;35;false
2020-08-27;27/08/2020;2020;2;3;8;Agosto;27;4;Quinta-feira;35;false
2020-08-28;28/08/2020;2020;2;3;8;Agosto;28;5;Sexta-feira;35;false
2020-08-29;29/08/2020;2020;2;3;8;Agosto;29;6;Sabado;35;true
2020-08-30;30/08/2020;2020;2;3;8;Agosto;30;7;Domingo;35;true
2020-08-31;31/08/2020;2020;2;3;8;Agosto;31;1;Segunda-feira;36;false
2020-09-01;01/09/2020;2020;2;3;9;Setembro;1;2;Terca-feira;36;false
2020-09-02;02/09/2020;2020;2;3;9;Setembro;2;3;Quarta-feira;36;false
2020-09-03;03/09/2020;2020;2;3;9;Setembro;3;4;Quinta-feira;36;false
2020-09-04;04/09/2020;2020;2;3;9;Setembro;4;5;Sexta-feira;36;false
2020-09-05;05/09/2020;2020;2;3;9;Setembro;5;6;Sabado;36;true
2020-09-06;06/09/2020;2020;2;3;9;Setembro;6;7;Domingo;36;true
2020-09-07;07/09/2020;2020;2;3;9;Setembro;7;1;Segunda-feira;37;false
2020-09-08;08/09/2020;2020;2;3;9;Setembro;8;2;Terca-feira;37;false
2020-09-09;09/09/2020;2020;2;3;9;Setembro;9;3;Quarta-feira;37;false
2020-09-10;10/09/2020;2020;2;3;9;Setembro;10;4;Quinta-feira;37;false
2020-09-11;11/09/2020;2020;2;3;9;Setembro;11;5;Sexta-feira;37;false
2020-09-12;12/09/2020;2020;2;3;9;Setembro;12;6;Sabado;37;true
2020-09-13;13/09/2020;2020;2;3;9;Setembro;13;7;Domingo;37;true
2020-09-14;14/09/2020;2020;2;3;9;Setembro;14;1;Segunda-feira;38;false
2020-09-15;15/09/2020;2020;2;3;9;Setembro;15;2;Terca-feira;38;false
2020-09-16;16/09/2020;2020;2;3;9;Setembro;16;3;Quarta-feira;38;false
2020-09-17;17/09/2020;2020;2;3;9;Setembro;17;4;Quinta-feira;38;false
2020-09-18;18/09/2020;2020;2;3;9;Setembro;18;5;Sexta-feira;38;false
2020-09-19;19/09/2020;2020;2;3;9;Setembro;19;6;Sabado;38;true
2020-09-20;20/09/2020;2020;2;3;9;Setembro;20;7;Domingo;38;true
2020-09-21;21/09/2020;2020;2;3;9;Setembro;21;1;Segunda-feira;39;false
2020-09-22;22/09/2020;2020;2;3;9;Setembro;22;2;Terca-feira;39;false
2020-09-23;23/09/2020;2020;2;3;9;Setembro;23;3;Quarta-feira;39;false
2020-09-24;24/09/2020;2020;2;3;9;Setembro;24;4;Quinta-feira;39;false
2020-09-25;25/09/2020;2020;2;3;9;Setembro;25;5;Sexta-feira;39;false
2020-09-26;26/09/2020;2020;2;3;9;Setembro;26;6;Sabado;39;true
2020-09-27;27/09/2020;2020;2;3;9;Setembro;27;7;Domingo;39;true
2020-09-28;28/09/2020;2020;2;3;9;Setembro;28;1;Segunda-feira;40;false
2020-09-29;29/09/2020;2020;2;3;9;Setembro;29;2;Terca-feira;40;false
2020-09-30;30/09/2020;2020;2;3;9;Setembro;30;3;Quarta-feira;40;false
2020-10-01;01/10/2020;2020;2;4;10;Outubro;1;4;Quinta-feira;40;false
2020-10-02;02/10/2020;2020;2;4;10;Outubro;2;5;Sexta-feira;40;false
2020-10-03;03/10/2020;2020;2;4;10;Outubro;3;6;Sabado;40;true
2020-10-04;04/10/2020;2020;2;4;10;Outubro;4;7;Domingo;40;true
2020-10-05;05/10/2020;2020;2;4;10;Outubro;5;1;Segunda-feira;41;false
2020-10-06;06/10/2020;2020;2;4;10;Outubro;6;2;Terca-feira;41;false
2020-10-07;07/10/2020;2020;2;4;10;Outubro;7;3;Quarta-feira;41;false
2020-10-08;08/10/2020;2020;2;4;10;Outubro;8;4;Quinta-feira;41;false
2020-10-09;09/10/2020;2020;2;4;10;Outubro;9;5;Sexta-feira;41;false
2020-10-10;10/10/2020;2020;2;4;10;Outubro;10;6;Sabado;41;true
2020-10-11;11/10/2020;2020;2;4;10;Outubro;11;7;Domingo;41;true
2020-10-12;12/10/2020;2020;2;4;10;Outubro;12;1;Segunda-feira;42;false
2020-10-13;13/10/2020;2020;2;4;10;Outubro;13;2;Terca-feira;42;false
2020-10-14;14/10/2020;2020;2;4;10;Outubro;14;3;Quarta-feira;42;false
2020-10-15;15/10/2020;2020;2;4;10;Outubro;15;4;Quinta-feira;42;false
2020-10-16;16/10/2020;2020;2;4;10;Outubro;16;5;Sexta-feira;42;false
2020-10-17;17/10/2020;2020;2;4;10;Outubro;17;6;Sabado;42;true
2020-10-18;18/10/2020;2020;2;4;10;Outubro;18;7;Domingo;42;true
2020-10-19;19/10/2020;2020;2;4;10;Outubro;19;1;Segunda-feira;43;false
2020-10-20;20/10/2020;2020;2;4;10;Outubro;20;2;Terca-feira;43;false
2020-10-21;21/10/2020;2020;2;4;10;Outubro;21;3;Quarta-feira;43;false
2020-10-22;22/10/2020;2020;2;4;10;Outubro;22;4;Quinta-feira;43;false
2020-10-23;23/10/2020;2020;2;4;10;Outubro;23;5;Sexta-feira;43;false
2020-10-24;24/10/2020;2020;2;4;10;Outubro;24;6;Sabado;43;true
2020-10-25;25/10/2020;2020;2;4;10;Outubro;25;7;Domingo;43;true
2020-10-26;26/10/2020;2020;2;4;10;Outubro;26;1;Segunda-feira;44;false
2020-10-27;27/10/2020;2020;2;4;10;Outubro;27;2;Terca-feira;44;false
2020-10-28;28/10/2020;2020;2;4;10;Outubro;28;3;Quarta-feira;44;false
2020-10-29;29/10/2020;2020;2;4;10;Outubro;29;4;Quinta-feira;44;false
2020-10-30;30/10/2020;2020;2;4;10;Outubro;30;5;Sexta-feira;44;false
2020-10-31;31/10/2020;2020;2;4;10;Outubro;31;6;Sabado;44;true
2020-11-01;01/11/2020;2020;2;4;11;Novembro;1;7;Domingo;44;true
2020-11-02;02/11/2020;2020;2;4;11;Novembro;2;1;Segunda-feira;45;false
2020-11-03;03/11/2020;2020;2;4;11;Novembro;3;2;Terca-feira;45;false
2020-11-04;04/11/2020;2020;2;4;11;Novembro;4;3;Quarta-feira;45;false
2020-11-05;05/11/2020;2020;2;4;11;Novembro;5;4;Quinta-feira;45;false
2020-11-06;06/11/2020;2020;2;4;11;Novembro;6;5;Sexta-feira;45;false
2020-11-07;07/11/2020;2020;2;4;11;Novembro;7;6;Sabado;45;true
2020-11-08;08/11/2020;2020;2;4;11;Novembro;8;7;Domingo;45;true
2020-11-09;09/11/2020;2020;2;4;11;Novembro;9;1;Segunda-feira;46;false
2020-11-10;10/11/2020;2020;2;4;11;Novembro;10;2;Terca-feira;46;false
2020-11-11;11/11/2020;2020;2;4;11;Novembro;11;3;Quarta-feira;46;false
2020-11-12;12/11/2020;2020;2;4;11;Novembro;12;4;Quinta-feira;46;false
2020-11-13;13/11/2020;2020;2;4;11;Novembro;13;5;Sexta-feira;46;false
2020-11-14;14/11/2020;2020;2;4;11;Novembro;14;6;Sabado;46;true
2020-11-15;15/11/2020;2020;2;4;11;Novembro;15;7;Domingo;46;true
2020-11-16;16/11/2020;2020;2;4;11;Novembro;16;1;Segunda-feira;47;false
2020-11-17;17/11/2020;2020;2;4;11;Novembro;17;2;Terca-feira;47;false
2020-11-18;18/11/2020;2020;2;4;11;Novembro;18;3;Quarta-feira;47;false
2020-11-19;19/11/2020;2020;2;4;11;Novembro;19;4;Quinta-feira;47;false
2020-11-20;20/11/2020;2020;2;4;11;Novembro;20;5;Sexta-feira;47;false
2020-11-21;21/11/2020;2020;2;4;11;Novembro;21;6;Sabado;47;true
2020-11-22;22/11/2020;2020;2;4;11;Novembro;22;7;Domingo;47;true
2020-11-23;23/11/2020;2020;2;4;11;Novembro;23;1;Segunda-feira;48;false
2020-11-24;24/11/2020;2020;2;4;11;Novembro;24;2;Terca-feira;48;false
2020-11-25;25/11/2020;2020;2;4;11;Novembro;25;3;Quarta-feira;48;false
2020-11-26;26/11/2020;2020;2;4;11;Novembro;26;4;Quinta-feira;48;false
2020-11-27;27/11/2020;2020;2;4;11;Novembro;27;5;Sexta-feira;48;false
2020-11-28;28/11/2020;2020;2;4;11;Novembro;28;6;Sabado;48;true
2020-11-29;29/11/2020;2020;2;4;11;Novembro;29;7;Domingo;48;true
2020-11-30;30/11/2020;2020;2;4;11;Novembro;30;1;Segunda-feira;49;false
2020-12-01;01/12/2020;2020;2;4;12;Dezembro;1;2;Terca-feira;49;false
2020-12-02;02/12/2020;2020;2;4;12;Dezembro;2;3;Quarta-feira;49;false
2020-12-03;03/12/2020;2020;2;4;12;Dezembro;3;4;Quinta-feira;49;false
2020-12-04;04/12/2020;2020;2;4;12;Dezembro;4;5;Sexta-feira;49;false
2020-12-05;05/12/2020;2020;2;4;12;Dezembro;5;6;Sabado;49;true
2020-12-06;06/12/2020;2020;2;4;12;Dezembro;6;7;Domingo;49;true
2020-12-07;07/12/2020;2020;2;4;12;Dezembro;7;1;Segunda-feira;50;false
2020-12-08;08/12/2020;2020;2;4;12;Dezembro;8;2;Terca-feira;50;false
2020-12-09;09/12/2020;2020;2;4;12;Dezembro;9;3;Quarta-feira;50;false
2020-12-10;10/12/2020;2020;2;4;12;Dezembro;10;4;Quinta-feira;50;false
2020-12-11;11/12/2020;2020;2;4;12;Dezembro;11;5;Sexta-feira;50;false
2020-12-12;12/12/2020;2020;2;4;12;Dezembro;12;6;Sabado;50;true
2020-12-13;13/12/2020;2020;2;4;12;Dezembro;13;7;Domingo;50;true
2020-12-14;14/12/2020;2020;2;4;12;Dezembro;14;1;Segunda-feira;51;false
2020-12-15;15/12/2020;2020;2;4;12;Dezembro;15;2;Terca-feira;51;false
2020-12-16;16/12/2020;2020;2;4;12;Dezembro;16;3;Quarta-feira;51;false
2020-12-17;17/12/2020;2020;2;4;12;Dezembro;17;4;Quinta-feira;51;false
2020-12-18;18/12/2020;2020;2;4;12;Dezembro;18;5;Sexta-feira;51;false
2020-12-19;19/12/2020;2020;2;4;12;Dezembro;19;6;Sabado;51;true
2020-12-20;20/12/2020;2020;2;4;12;Dezembro;20;7;Domingo;51;true
2020-12-21;21/12/2020;2020;2;4;12;Dezembro;21;1;Segunda-feira;52;false
2020-12-22;22/12/2020;2020;2;4;12;Dezembro;22;2;Terca-feira;52;false
2020-12-23;23/12/2020;2020;2;4;12;Dezembro;23;3;Quarta-feira;52;false
2020-12-24;24/12/2020;2020;2;4;12;Dezembro;24;4;Quinta-feira;52;false
2020-12-25;25/12/2020;2020;2;4;12;Dezembro;25;5;Sexta-feira;52;false
2020-12-26;26/12/2020;2020;2;4;12;Dezembro;26;6;Sabado;52;true
2020-12-27;27/12/2020;2020;2;4;12;Dezembro;27;7;Domingo;52;true
2020-12-28;28/12/2020;2020;2;4;12;Dezembro;28;1;Segunda-feira;53;false
2020-12-29;29/12/2020;2020;2;4;12;Dezembro;29;2;Terca-feira;53;false
2020-12-30;30/12/2020;2020;2;4;12;Dezembro;30;3;Quarta-feira;53;false
2020-12-31;31/12/2020;2020;2;4;12;Dezembro;31;4;Quinta-feira;53;false
2021-01-01;01/01/2021;2021;1;1;1;Janeiro;1;5;Sexta-feira;53;false
2021-01-02;02/01/2021;2021;1;1;1;Janeiro;2;6;Sabado;53;true
2021-01-03;03/01/2021;2021;1;1;1;Janeiro;3;7;Domingo;53;true
2021-01-04;04/01/2021;2021;1;1;1;Janeiro;4;1;Segunda-feira;1;false
2021-01-05;05/01/2021;2021;1;1;1;Janeiro;5;2;Terca-feira;1;false
2021-01-06;06/01/2021;2021;1;1;1;Janeiro;6;3;Quarta-feira;1;false
2021-01-07;07/01/2021;2021;1;1;1;Janeiro;7;4;Quinta-feira;1;false
2021-01-08;08/01/2021;2021;1;1;1;Janeiro;8;5;Sexta-feira;1;false
2021-01-09;09/01/2021;2021;1;1;1;Janeiro;9;6;Sabado;1;true
2021-01-10;10/01/2021;2021;1;1;1;Janeiro;10;7;Domingo;1;true
2021-01-11;11/01/2021;2021;1;1;1;Janeiro;11;1;Segunda-feira;2;false
2021-01-12;12/01/2021;2021;1;1;1;Janeiro;12;2;Terca-feira;2;false
2021-01-13;13/01/2021;2021;1;1;1;Janeiro;13;3;Quarta-feira;2;false
2021-01-14;14/01/2021;2021;1;1;1;Janeiro;14;4;Quinta-feira;2;false
2021-01-15;15/01/2021;2021;1;1;1;Janeiro;15;5;Sexta-feira;2;false
2021-01-16;16/01/2021;2021;1;1;1;Janeiro;16;6;Sabado;2;true
2021-01-17;17/01/2021;2021;1;1;1;Janeiro;17;7;Domingo;2;true
2021-01-18;18/01/2021;2021;1;1;1;Janeiro;18;1;Segunda-feira;3;false
2021-01-19;19/01/2021;2021;1;1;1;Janeiro;19;2;Terca-feira;3;false
2021-01-20;20/01/2021;2021;1;1;1;Janeiro;20;3;Quarta-feira;3;false
2021-01-21;21/01/2021;2021;1;1;1;Janeiro;21;4;Quinta-feira;3;false
2021-01-22;22/01/2021;2021;1;1;1;Janeiro;22;5;Sexta-feira;3;false
2021-01-23;23/01/2021;2021;1;1;1;Janeiro;23;6;Sabado;3;true
2021-01-24;24/01/2021;2021;1;1;1;Janeiro;24;7;Domingo;3;true
2021-01-25;25/01/2021;2021;1;1;1;Janeiro;25;1;Segunda-feira;4;false
2021-01-26;26/01/2021;2021;1;1;1;Janeiro;26;2;Terca-feira;4;false
2021-01-27;27/01/2021;2021;1;1;1;Janeiro;27;3;Quarta-feira;4;false
2021-01-28;28/01/2021;2021;1;1;1;Janeiro;28;4;Quinta-feira;4;false
2021-01-29;29/01/2021;2021;1;1;1;Janeiro;29;5;Sexta-feira;4;false
2021-01-30;30/01/2021;2021;1;1;1;Janeiro;30;6;Sabado;4;true
2021-01-31;31/01/2021;2021;1;1;1;Janeiro;31;7;Domingo;4;true
2021-02-01;01/02/2021;2021;1;1;2;Fevereiro;1;1;Segunda-feira;5;false
2021-02-02;02/02/2021;2021;1;1;2;Fevereiro;2;2;Terca-feira;5;false
2021-02-03;03/02/2021;2021;1;1;2;Fevereiro;3;3;Quarta-feira;5;false
2021-02-04;04/02/2021;2021;1;1;2;Fevereiro;4;4;Quinta-feira;5;false
2021-02-05;05/02/2021;2021;1;1;2;Fevereiro;5;5;Sexta-feira;5;false
2021-02-06;06/02/2021;2021;1;1;2;Fevereiro;6;6;Sabado;5;true
2021-02-07;07/02/2021;2021;1;1;2;Fevereiro;7;7;Domingo;5;true
2021-02-08;08/02/2021;2021;1;1;2;Fevereiro;8;1;Segunda-feira;6;false
2021-02-09;09/02/2021;2021;1;1;2;Fevereiro;9;2;Terca-feira;6;false
2021-02-10;10/02/2021;2021;1;1;2;Fevereiro;10;3;Quarta-feira;6;false
2021-02-11;11/02/2021;2021;1;1;2;Fevereiro;11;4;Quinta-feira;6;false
2021-02-12;12/02/2021;2021;1;1;2;Fevereiro;12;5;Sexta-feira;6;false
2021-02-13;13/02/2021;2021;1;1;2;Fevereiro;13;6;Sabado;6;true
2021-02-14;14/02/2021;2021;1;1;2;Fevereiro;14;7;Domingo;6;true
2021-02-15;15/02/2021;2021;1;1;2;Fevereiro;15;1;Segunda-feira;7;false
2021-02-16;16/02/2021;2021;1;1;2;Fevereiro;16;2;Terca-feira;7;false
2021-02-17;17/02/2021;2021;1;1;2;Fevereiro;17;3;Quarta-feira;7;false
2021-02-18;18/02/2021;2021;1;1;2;Fevereiro;18;4;Quinta-feira;7;false
2021-02-19;19/02/2021;2021;1;1;2;Fevereiro;19;5;Sexta-feira;7;false
2021-02-20;20/02/2021;2021;1;1;2;Fevereiro;20;6;Sabado;7;true
2021-02-21;21/02/2021;2021;1;1;2;Fevereiro;21;7;Domingo;7;true
2021-02-22;22/02/2021;2021;1;1;2;Fevereiro;22;1;Segunda-feira;8;false
2021-02-23;23/02/2021;2021;1;1;2;Fevereiro;23;2;Terca-feira;8;false
2021-02-24;24/02/2021;2021;1;1;2;Fevereiro;24;3;Quarta-feira;8;false
2021-02-25;25/02/2021;2021;1;1;2;Fevereiro;25;4;Quinta-feira;8;false
2021-02-26;26/02/2021;2021;1;1;2;Fevereiro;26;5;Sexta-feira;8;false
2021-02-27;27/02/2021;2021;1;1;2;Fevereiro;27;6;Sabado;8;true
2021-02-28;28/02/2021;2021;1;1;2;Fevereiro;28;7;Domingo;8;true
2021-03-01;01/03/2021;2021;1;1;3;Marco;1;1;Segunda-feira;9;false
2021-03-02;02/03/2021;2021;1;1;3;Marco;2;2;Terca-feira;9;false
2021-03-03;03/03/2021;2021;1;1;3;Marco;3;3;Quarta-feira;9;false
2021-03-04;04/03/2021;2021;1;1;3;Marco;4;4;Quinta-feira;9;false
2021-03-05;05/03/2021;2021;1;1;3;Marco;5;5;Sexta-feira;9;false
2021-03-06;06/03/2021;2021;1;1;3;Marco;6;6;Sabado;9;true
2021-03-07;07/03/2021;2021;1;1;3;Marco;7;7;Domingo;9;true
2021-03-08;08/03/2021;2021;1;1;3;Marco;8;1;Segunda-feira;10;false
2021-03-09;09/03/2021;2021;1;1;3;Marco;9;2;Terca-feira;10;false
2021-03-10;10/03/2021;2021;1;1;3;Marco;10;3;Quarta-feira;10;false
2021-03-11;11/03/2021;2021;1;1;3;Marco;11;4;Quinta-feira;10;false
2021-03-12;12/03/2021;2021;1;1;3;Marco;12;5;Sexta-feira;10;false
2021-03-13;13/03/2021;2021;1;1;3;Marco;13;6;Sabado;10;true
2021-03-14;14/03/2021;2021;1;1;3;Marco;14;7;Domingo;10;true
2021-03-15;15/03/2021;2021;1;1;3;Marco;15;1;Segunda-feira;11;false
2021-03-16;16/03/2021;2021;1;1;3;Marco;16;2;Terca-feira;11;false
2021-03-17;17/03/2021;2021;1;1;3;Marco;17;3;Quarta-feira;11;false
2021-03-18;18/03/2021;2021;1;1;3;Marco;18;4;Quinta-feira;11;false
2021-03-19;19/03/2021;2021;1;1;3;Marco;19;5;Sexta-feira;11;false
2021-03-20;20/03/2021;2021;1;1;3;Marco;20;6;Sabado;11;true
2021-03-21;21/03/2021;2021;1;1;3;Marco;21;7;Domingo;11;true
2021-03-22;22/03/2021;2021;1;1;3;Marco;22;1;Segunda-feira;12;false
2021-03-23;23/03/2021;2021;1;1;3;Marco;23;2;Terca-feira;12;false
2021-03-24;24/03/2021;2021;1;1;3;Marco;24;3;Quarta-feira;12;false
2021-03-25;25/03/2021;2021;1;1;3;Marco;25;4;Quinta-feira;12;false
2021-03-26;26/03/2021;2021;1;1;3;Marco;26;5;Sexta-feira;12;false
2021-03-27;27/03/2021;2021;1;1;3;Marco;27;6;Sabado;12;true
2021-03-28;28/03/2021;2021;1;1;3;Marco;28;7;Domingo;12;true
2021-03-29;29/03/2021;2021;1;1;3;Marco;29;1;Segunda-feira;13;false
2021-03-30;30/03/2021;2021;1;1;3;Marco;30;2;Terca-feira;13;false
2021-03-31;31/03/2021;2021;1;1;3;Marco;31;3;Quarta-feira;13;false
2021-04-01;01/04/2021;2021;1;2;4;Abril;1;4;Quinta-feira;13;false
2021-04-02;02/04/2021;2021;1;2;4;Abril;2;5;Sexta-feira;13;false
2021-04-03;03/04/2021;2021;1;2;4;Abril;3;6;Sabado;13;true
2021-04-04;04/04/2021;2021;1;2;4;Abril;4;7;Domingo;13;true
2021-04-05;05/04/2021;2021;1;2;4;Abril;5;1;Segunda-feira;14;false
2021-04-06;06/04/2021;2021;1;2;4;Abril;6;2;Terca-feira;14;false
2021-04-07;07/04/2021;2021;1;2;4;Abril;7;3;Quarta-feira;14;false
2021-04-08;08/04/2021;2021;1;2;4;Abril;8;4;Quinta-feira;14;false
2021-04-09;09/04/2021;2021;1;2;4;Abril;9;5;Sexta-feira;14;false
2021-04-10;10/04/2021;2021;1;2;4;Abril;10;6;Sabado;14;true
2021-04-11;11/04/2021;2021;1;2;4;Abril;11;7;Domingo;14;true
2021-04-12;12/04/2021;2021;1;2;4;Abril;12;1;Segunda-feira;15;false
2021-04-13;13/04/2021;2021;1;2;4;Abril;13;2;Terca-feira;15;false
2021-04-14;14/04/2021;2021;1;2;4;Abril;14;3;Quarta-feira;15;false
2021-04-15;15/04/2021;2021;1;2;4;Abril;15;4;Quinta-feira;15;false
2021-04-16;16/04/2021;2021;1;2;4;Abril;16;5;Sexta-feira;15;false
2021-04-17;17/04/2021;2021;1;2;4;Abril;17;6;Sabado;15;true
2021-04-18;18/04/2021;2021;1;2;4;Abril;18;7;Domingo;15;true
2021-04-19;19/04/2021;2021;1;2;4;Abril;19;1;Segunda-feira;16;false
2021-04-20;20/04/2021;2021;1;2;4;Abril;20;2;Terca-feira;16;false
2021-04-21;21/04/2021;2021;1;2;4;Abril;21;3;Quarta-feira;16;false
2021-04-22;22/04/2021;2021;1;2;4;Abril;22;4;Quinta-feira;16;false
2021-04-23;23/04/2021;2021;1;2;4;Abril;23;5;Sexta-feira;16;false
2021-04-24;24/04/2021;2021;1;2;4;Abril;24;6;Sabado;16;true
2021-04-25;25/04/2021;2021;1;2;4;Abril;25;7;Domingo;16;true
2021-04-26;26/04/2021;2021;1;2;4;Abril;26;1;Segunda-feira;17;false
2021-04-27;27/04/2021;2021;1;2;4;Abril;27;2;Terca-feira;17;false
2021-04-28;28/04/2021;2021;1;2;4;Abril;28;3;Quarta-feira;17;false
2021-04-29;29/04/2021;2021;1;2;4;Abril;29;4;Quinta-feira;17;false
2021-04-30;30/04/2021;2021;1;2;4;Abril;30;5;Sexta-feira;17;false
2021-05-01;01/05/2021;2021;1;2;5;Maio;1;6;Sabado;17;true
2021-05-02;02/05/2021;2021;1;2;5;Maio;2;7;Domingo;17;true
2021-05-03;03/05/2021;2021;1;2;5;Maio;3;1;Segunda-feira;18;false
2021-05-04;04/05/2021;2021;1;2;5;Maio;4;2;Terca-feira;18;false
2021-05-05;05/05/2021;2021;1;2;5;Maio;5;3;Quarta-feira;18;false
2021-05-06;06/05/2021;2021;1;2;5;Maio;6;4;Quinta-feira;18;false
2021-05-07;07/05/2021;2021;1;2;5;Maio;7;5;Sexta-feira;18;false
2021-05-08;08/05/2021;2021;1;2;5;Maio;8;6;Sabado;18;true
2021-05-09;09/05/2021;2021;1;2;5;Maio;9;7;Domingo;18;true
2021-05-10;10/05/2021;2021;1;2;5;Maio;10;1;Segunda-feira;19;false
2021-05-11;11/05/2021;2021;1;2;5;Maio;11;2;Terca-feira;19;false
2021-05-12;12/05/2021;2021;1;2;5;Maio;12;3;Quarta-feira;19;false
2021-05-13;13/05/2021;2021;1;2;5;Maio;13;4;Quinta-feira;19;false
2021-05-14;14/05/2021;2021;1;2;5;Maio;14;5;Sexta-feira;19;false
2021-05-15;15/05/2021;2021;1;2;5;Maio;15;6;Sabado;19;true
2021-05-16;16/05/2021;2021;1;2;5;Maio;16;7;Domingo;19;true
2021-05-17;17/05/2021;2021;1;2;5;Maio;17;1;Segunda-feira;20;false
2021-05-18;18/05/2021;2021;1;2;5;Maio;18;2;Terca-feira;20;false
2021-05-19;19/05/2021;2021;1;2;5;Maio;19;3;Quarta-feira;20;false
2021-05-20;20/05/2021;2021;1;2;5;Maio;20;4;Quinta-feira;20;false
2021-05-21;21/05/2021;2021;1;2;5;Maio;21;5;Sexta-feira;20;false
2021-05-22;22/05/2021;2021;1;2;5;Maio;22;6;Sabado;20;true
2021-05-23;23/05/2021;2021;1;2;5;Maio;23;7;Domingo;20;true
2021-05-24;24/05/2021;2021;1;2;5;Maio;24;1;Segunda-feira;21;false
2021-05-25;25/05/2021;2021;1;2;5;Maio;25;2;Terca-feira;21;false
2021-05-26;26/05/2021;2021;1;2;5;Maio;26;3;Quarta-feira;21;false
2021-05-27;27/05/2021;2021;1;2;5;Maio;27;4;Quinta-feira;21;false
2021-05-28;28/05/2021;2021;1;2;5;Maio;28;5;Sexta-feira;21;false
2021-05-29;29/05/2021;2021;1;2;5;Maio;29;6;Sabado;21;true
2021-05-30;30/05/2021;2021;1;2;5;Maio;30;7;Domingo;21;true
2021-05-31;31/05/2021;2021;1;2;5;Maio;31;1;Segunda-feira;22;false
2021-06-01;01/06/2021;2021;1;2;6;Junho;1;2;Terca-feira;22;false
2021-06-02;02/06/2021;2021;1;2;6;Junho;2;3;Quarta-feira;22;false
2021-06-03;03/06/2021;2021;1;2;6;Junho;3;4;Quinta-feira;22;false
2021-06-04;04/06/2021;2021;1;2;6;Junho;4;5;Sexta-feira;22;false
2021-06-05;05/06/2021;2021;1;2;6;Junho;5;6;Sabado;22;true
2021-06-06;06/06/2021;2021;1;2;6;Junho;6;7;Domingo;22;true
2021-06-07;07/06/2021;2021;1;2;6;Junho;7;1;Segunda-feira;23;false
2021-06-08;08/06/2021;2021;1;2;6;Junho;8;2;Terca-feira;23;false
2021-06-09;09/06/2021;2021;1;2;6;Junho;9;3;Quarta-feira;23;false
2021-06-10;10/06/2021;2021;1;2;6;Junho;10;4;Quinta-feira;23;false
2021-06-11;11/06/2021;2021;1;2;6;Junho;11;5;Sexta-feira;23;false
2021-06-12;12/06/2021;2021;1;2;6;Junho;12;6;Sabado;23;true
2021-06-13;13/06/2021;2021;1;2;6;Junho;13;7;Domingo;23;true
2021-06-14;14/06/2021;2021;1;2;6;Junho;14;1;Segunda-feira;24;false
2021-06-15;15/06/2021;2021;1;2;6;Junho;15;2;Terca-feira;24;false
2021-06-16;16/06/2021;2021;1;2;6;Junho;16;3;Quarta-feira;24;false
2021-06-17;17/06/2021;2021;1;2;6;Junho;17;4;Quinta-feira;24;false
2021-06-18;18/06/2021;2021;1;2;6;Junho;18;5;Sexta-feira;24;false
2021-06-19;19/06/2021;2021;1;2;6;Junho;19;6;Sabado;24;true
2021-06-20;20/06/2021;2021;1;2;6;Junho;20;7;Domingo;24;true
2021-06-21;21/06/2021;2021;1;2;6;Junho;21;1;Segunda-feira;25;false
2021-06-22;22/06/2021;2021;1;2;6;Junho;22;2;Terca-feira;25;false
2021-06-23;23/06/2021;2021;1;2;6;Junho;23;3;Quarta-feira;25;false
2021-06-24;24/06/2021;2021;1;2;6;Junho;24;4;Quinta-feira;25;false
2021-06-25;25/06/2021;2021;1;2;6;Junho;25;5;Sexta-feira;25;false
2021-06-26;26/06/2021;2021;1;2;6;Junho;26;6;Sabado;25;true
2021-06-27;27/06/2021;2021;1;2;6;Junho;27;7;Domingo;25;true
2021-06-28;28/06/2021;2021;1;2;6;Junho;28;1;Segunda-feira;26;false
2021-06-29;29/06/2021;2021;1;2;6;Junho;29;2;Terca-feira;26;false
2021-06-30;30/06/2021;2021;1;2;6;Junho;30;3;Quarta-feira;26;false
2021-07-01;01/07/2021;2021;2;3;7;Julho;1;4;Quinta-feira;26;false
2021-07-02;02/07/2021;2021;2;3;7;Julho;2;5;Sexta-feira;26;false
2021-07-03;03/07/2021;2021;2;3;7;Julho;3;6;Sabado;26;true
2021-07-04;04/07/2021;2021;2;3;7;Julho;4;7;Domingo;26;true
2021-07-05;05/07/2021;2021;2;3;7;Julho;5;1;Segunda-feira;27;false
2021-07-06;06/07/2021;2021;2;3;7;Julho;6;2;Terca-feira;27;false
2021-07-07;07/07/2021;2021;2;3;7;Julho;7;3;Quarta-feira;27;false
2021-07-08;08/07/2021;2021;2;3;7;Julho;8;4;Quinta-feira;27;false
2021-07-09;09/07/2021;2021;2;3;7;Julho;9;5;Sexta-feira;27;false
2021-07-10;10/07/2021;2021;2;3;7;Julho;10;6;Sabado;27;true
2021-07-11;11/07/2021;2021;2;3;7;Julho;11;7;Domingo;27;true
2021-07-12;12/07/2021;2021;2;3;7;Julho;12;1;Segunda-feira;28;false
2021-07-13;13/07/2021;2021;2;3;7;Julho;13;2;Terca-feira;28;false
2021-07-14;14/07/2021;2021;2;3;7;Julho;14;3;Quarta-feira;28;false
2021-07-15;15/07/2021;2021;2;3;7;Julho;15;4;Quinta-feira;28;false
2021-07-16;16/07/2021;2021;2;3;7;Julho;16;5;Sexta-feira;28;false
2021-07-17;17/07/2021;2021;2;3;7;Julho;17;6;Sabado;28;true
2021-07-18;18/07/2021;2021;2;3;7;Julho;18;7;Domingo;28;true
2021-07-19;19/07/2021;2021;2;3;7;Julho;19;1;Segunda-feira;29;false
2021-07-20;20/07/2021;2021;2;3;7;Julho;20;2;Terca-feira;29;false
2021-07-21;21/07/2021;2021;2;3;7;Julho;21;3;Quarta-feira;29;false
2021-07-22;22/07/2021;2021;2;3;7;Julho;22;4;Quinta-feira;29;false
2021-07-23;23/07/2021;2021;2;3;7;Julho;23;5;Sexta-feira;29;false
2021-07-24;24/07/2021;2021;2;3;7;Julho;24;6;Sabado;29;true
2021-07-25;25/07/2021;2021;2;3;7;Julho;25;7;Domingo;29;true
2021-07-26;26/07/2021;2021;2;3;7;Julho;26;1;Segunda-feira;30;false
2021-07-27;27/07/2021;2021;2;3;7;Julho;27;2;Terca-feira;30;false
2021-07-28;28/07/2021;2021;2;3;7;Julho;28;3;Quarta-feira;30;false
2021-07-29;29/07/2021;2021;2;3;7;Julho;29;4;Quinta-feira;30;false
2021-07-30;30/07/2021;2021;2;3;7;Julho;30;5;Sexta-feira;30;false
2021-07-31;31/07/2021;2021;2;3;7;Julho;31;6;Sabado;30;true
2021-08-01;01/08/2021;2021;2;3;8;Agosto;1;7;Domingo;30;true
2021-08-02;02/08/2021;2021;2;3;8;Agosto;2;1;Segunda-feira;31;false
2021-08-03;03/08/2021;2021;2;3;8;Agosto;3;2;Terca-feira;31;false
2021-08-04;04/08/2021;2021;2;3;8;Agosto;4;3;Quarta-feira;31;false
2021-08-05;05/08/2021;2021;2;3;8;Agosto;5;4;Quinta-feira;31;false
2021-08-06;06/08/2021;2021;2;3;8;Agosto;6;5;Sexta-feira;31;false
2021-08-07;07/08/2021;2021;2;3;8;Agosto;7;6;Sabado;31;true
2021-08-08;08/08/2021;2021;2;3;8;Agosto;8;7;Domingo;31;true
2021-08-09;09/08/2021;2021;2;3;8;Agosto;9;1;Segunda-feira;32;false
2021-08-10;10/08/2021;2021;2;3;8;Agosto;10;2;Terca-feira;32;false
2021-08-11;11/08/2021;2021;2;3;8;Agosto;11;3;Quarta-feira;32;false
2021-08-12;12/08/2021;2021;2;3;8;Agosto;12;4;Quinta-feira;32;false
2021-08-13;13/08/2021;2021;2;3;8;Agosto;13;5;Sexta-feira;32;false
2021-08-14;14/08/2021;2021;2;3;8;Agosto;14;6;Sabado;32;true
2021-08-15;15/08/2021;2021;2;3;8;Agosto;15;7;Domingo;32;true
2021-08-16;16/08/2021;2021;2;3;8;Agosto;16;1;Segunda-feira;33;false
2021-08-17;17/08/2021;2021;2;3;8;Agosto;17;2;Terca-feira;33;false
2021-08-18;18/08/2021;2021;2;3;8;Agosto;18;3;Quarta-feira;33;false
2021-08-19;19/08/2021;2021;2;3;8;Agosto;19;4;Quinta-feira;33;false
2021-08-20;20/08/2021;2021;2;3;8;Agosto;20;5;Sexta-feira;33;false
2021-08-21;21/08/2021;2021;2;3;8;Agosto;21;6;Sabado;33;true
2021-08-22;22/08/2021;2021;2;3;8;Agosto;22;7;Domingo;33;true
2021-08-23;23/08/2021;2021;2;3;8;Agosto;23;1;Segunda-feira;34;false
2021-08-24;24/08/2021;2021;2;3;8;Agosto;24;2;Terca-feira;34;false
2021-08-25;25/08/2021;2021;2;3;8;Agosto;25;3;Quarta-feira;34;false
2021-08-26;26/08/2021;2021;2;3;8;Agosto;26;4;Quinta-feira;34;false
2021-08-27;27/08/2021;2021;2;3;8;Agosto;27;5;Sexta-feira;34;false
2021-08-28;28/08/2021;2021;2;3;8;Agosto;28;6;Sabado;34;true
2021-08-29;29/08/2021;2021;2;3;8;Agosto;29;7;Domingo;34;true
2021-08-30;30/08/2021;2021;2;3;8;Agosto;30;1;Segunda-feira;35;false
2021-08-31;31/08/2021;2021;2;3;8;Agosto;31;2;Terca-feira;35;false
2021-09-01;01/09/2021;2021;2;3;9;Setembro;1;3;Quarta-feira;35;false
2021-09-02;02/09/2021;2021;2;3;9;Setembro;2;4;Quinta-feira;35;false
2021-09-03;03/09/2021;2021;2;3;9;Setembro;3;5;Sexta-feira;35;false
2021-09-04;04/09/2021;2021;2;3;9;Setembro;4;6;Sabado;35;true
2021-09-05;05/09/2021;2021;2;3;9;Setembro;5;7;Domingo;35;true
2021-09-06;06/09/2021;2021;2;3;9;Setembro;6;1;Segunda-feira;36;false
2021-09-07;07/09/2021;2021;2;3;9;Setembro;7;2;Terca-feira;36;false
2021-09-08;08/09/2021;2021;2;3;9;Setembro;8;3;Quarta-feira;36;false
2021-09-09;09/09/2021;2021;2;3;9;Setembro;9;4;Quinta-feira;36;false
2021-09-10;10/09/2021;2021;2;3;9;Setembro;10;5;Sexta-feira;36;false
2021-09-11;11/09/2021;2021;2;3;9;Setembro;11;6;Sabado;36;true
2021-09-12;12/09/2021;2021;2;3;9;Setembro;12;7;Domingo;36;true
2021-09-13;13/09/2021;2021;2;3;9;Setembro;13;1;Segunda-feira;37;false
2021-09-14;14/09/2021;2021;2;3;9;Setembro;14;2;Terca-feira;37;false
2021-09-15;15/09/2021;2021;2;3;9;Setembro;15;3;Quarta-feira;37;false
2021-09-16;16/09/2021;2021;2;3;9;Setembro;16;4;Quinta-feira;37;false
2021-09-17;17/09/2021;2021;2;3;9;Setembro;17;5;Sexta-feira;37;false
2021-09-18;18/09/2021;2021;2;3;9;Setembro;18;6;Sabado;37;true
2021-09-19;19/09/2021;2021;2;3;9;Setembro;19;7;Domingo;37;true
2021-09-20;20/09/2021;2021;2;3;9;Setembro;20;1;Segunda-feira;38;false
2021-09-21;21/09/2021;2021;2;3;9;Setembro;21;2;Terca-feira;38;false
2021-09-22;22/09/2021;2021;2;3;9;Setembro;22;3;Quarta-feira;38;false
2021-09-23;23/09/2021;2021;2;3;9;Setembro;23;4;Quinta-feira;38;false
2021-09-24;24/09/2021;2021;2;3;9;Setembro;24;5;Sexta-feira;38;false
2021-09-25;25/09/2021;2021;2;3;9;Setembro;25;6;Sabado;38;true
2021-09-26;26/09/2021;2021;2;3;9;Setembro;26;7;Domingo;38;true
2021-09-27;27/09/2021;2021;2;3;9;Setembro;27;1;Segunda-feira;39;false
2021-09-28;28/09/2021;2021;2;3;9;Setembro;28;2;Terca-feira;39;false
2021-09-29;29/09/2021;2021;2;3;9;Setembro;29;3;Quarta-feira;39;false
2021-09-30;30/09/2021;2021;2;3;9;Setembro;30;4;Quinta-feira;39;false
2021-10-01;01/10/2021;2021;2;4;10;Outubro;1;5;Sexta-feira;39;false
2021-10-02;02/10/2021;2021;2;4;10;Outubro;2;6;Sabado;39;true
2021-10-03;03/10/2021;2021;2;4;10;Outubro;3;7;Domingo;39;true
2021-10-04;04/10/2021;2021;2;4;10;Outubro;4;1;Segunda-feira;40;false
2021-10-05;05/10/2021;2021;2;4;10;Outubro;5;2;Terca-feira;40;false
2021-10-06;06/10/2021;2021;2;4;10;Outubro;6;3;Quarta-feira;40;false
2021-10-07;07/10/2021;2021;2;4;10;Outubro;7;4;Quinta-feira;40;false
2021-10-08;08/10/2021;2021;2;4;10;Outubro;8;5;Sexta-feira;40;false
2021-10-09;09/10/2021;2021;2;4;10;Outubro;9;6;Sabado;40;true
2021-10-10;10/10/2021;2021;2;4;10;Outubro;10;7;Domingo;40;true
2021-10-11;11/10/2021;2021;2;4;10;Outubro;11;1;Segunda-feira;41;false
2021-10-12;12/10/2021;2021;2;4;10;Outubro;12;2;Terca-feira;41;false
2021-10-13;13/10/2021;2021;2;4;10;Outubro;13;3;Quarta-feira;41;false
2021-10-14;14/10/2021;2021;2;4;10;Outubro;14;4;Quinta-feira;41;false
2021-10-15;15/10/2021;2021;2;4;10;Outubro;15;5;Sexta-feira;41;false
2021-10-16;16/10/2021;2021;2;4;10;Outubro;16;6;Sabado;41;true
2021-10-17;17/10/2021;2021;2;4;10;Outubro;17;7;Domingo;41;true
2021-10-18;18/10/2021;2021;2;4;10;Outubro;18;1;Segunda-feira;42;false
2021-10-19;19/10/2021;2021;2;4;10;Outubro;19;2;Terca-feira;42;false
2021-10-20;20/10/2021;2021;2;4;10;Outubro;20;3;Quarta-feira;42;false
2021-10-21;21/10/2021;2021;2;4;10;Outubro;21;4;Quinta-feira;42;false
2021-10-22;22/10/2021;2021;2;4;10;Outubro;22;5;Sexta-feira;42;false
2021-10-23;23/10/2021;2021;2;4;10;Outubro;23;6;Sabado;42;true
2021-10-24;24/10/2021;2021;2;4;10;Outubro;24;7;Domingo;42;true
2021-10-25;25/10/2021;2021;2;4;10;Outubro;25;1;Segunda-feira;43;false
2021-10-26;26/10/2021;2021;2;4;10;Outubro;26;2;Terca-feira;43;false
2021-10-27;27/10/2021;2021;2;4;10;Outubro;27;3;Quarta-feira;43;false
2021-10-28;28/10/2021;2021;2;4;10;Outubro;28;4;Quinta-feira;43;false
2021-10-29;29/10/2021;2021;2;4;10;Outubro;29;5;Sexta-feira;43;false
2021-10-30;30/10/2021;2021;2;4;10;Outubro;30;6;Sabado;43;true
2021-10-31;31/10/2021;2021;2;4;10;Outubro;31;7;Domingo;43;true
2021-11-01;01/11/2021;2021;2;4;11;Novembro;1;1;Segunda-feira;44;false
2021-11-02;02/11/2021;2021;2;4;11;Novembro;2;2;Terca-feira;44;false
2021-11-03;03/11/2021;2021;2;4;11;Novembro;3;3;Quarta-feira;44;false
2021-11-04;04/11/2021;2021;2;4;11;Novembro;4;4;Quinta-feira;44;false
2021-11-05;05/11/2021;2021;2;4;11;Novembro;5;5;Sexta-feira;44;false
2021-11-06;06/11/2021;2021;2;4;11;Novembro;6;6;Sabado;44;true
2021-11-07;07/11/2021;2021;2;4;11;Novembro;7;7;Domingo;44;true
2021-11-08;08/11/2021;2021;2;4;11;Novembro;8;1;Segunda-feira;45;false
2021-11-09;09/11/2021;2021;2;4;11;Novembro;9;2;Terca-feira;45;false
2021-11-10;10/11/2021;2021;2;4;11;Novembro;10;3;Quarta-feira;45;false
2021-11-11;11/11/2021;2021;2;4;11;Novembro;11;4;Quinta-feira;45;false
2021-11-12;12/11/2021;2021;2;4;11;Novembro;12;5;Sexta-feira;45;false
2021-11-13;13/11/2021;2021;2;4;11;Novembro;13;6;Sabado;45;true
2021-11-14;14/11/2021;2021;2;4;11;Novembro;14;7;Domingo;45;true
2021-11-15;15/11/2021;2021;2;4;11;Novembro;15;1;Segunda-feira;46;false
2021-11-16;16/11/2021;2021;2;4;11;Novembro;16;2;Terca-feira;46;false
2021-11-17;17/11/2021;2021;2;4;11;Novembro;17;3;Quarta-feira;46;false
2021-11-18;18/11/2021;2021;2;4;11;Novembro;18;4;Quinta-feira;46;false
2021-11-19;19/11/2021;2021;2;4;11;Novembro;19;5;Sexta-feira;46;false
2021-11-20;20/11/2021;2021;2;4;11;Novembro;20;6;Sabado;46;true
2021-11-21;21/11/2021;2021;2;4;11;Novembro;21;7;Domingo;46;true
2021-11-22;22/11/2021;2021;2;4;11;Novembro;22;1;Segunda-feira;47;false
2021-11-23;23/11/2021;2021;2;4;11;Novembro;23;2;Terca-feira;47;false
2021-11-24;24/11/2021;2021;2;4;11;Novembro;24;3;Quarta-feira;47;false
2021-11-25;25/11/2021;2021;2;4;11;Novembro;25;4;Quinta-feira;47;false
2021-11-26;26/11/2021;2021;2;4;11;Novembro;26;5;Sexta-feira;47;false
2021-11-27;27/11/2021;2021;2;4;11;Novembro;27;6;Sabado;47;true
2021-11-28;28/11/2021;2021;2;4;11;Novembro;28;7;Domingo;47;true
2021-11-29;29/11/2021;2021;2;4;11;Novembro;29;1;Segunda-feira;48;false
2021-11-30;30/11/2021;2021;2;4;11;Novembro;30;2;Terca-feira;48;false
2021-12-01;01/12/2021;2021;2;4;12;Dezembro;1;3;Quarta-feira;48;false
2021-12-02;02/12/2021;2021;2;4;12;Dezembro;2;4;Quinta-feira;48;false
2021-12-03;03/12/2021;2021;2;4;12;Dezembro;3;5;Sexta-feira;48;false
2021-12-04;04/12/2021;2021;2;4;12;Dezembro;4;6;Sabado;48;true
2021-12-05;05/12/2021;2021;2;4;12;Dezembro;5;7;Domingo;48;true
2021-12-06;06/12/2021;2021;2;4;12;Dezembro;6;1;Segunda-feira;49;false
2021-12-07;07/12/2021;2021;2;4;12;Dezembro;7;2;Terca-feira;49;false
2021-12-08;08/12/2021;2021;2;4;12;Dezembro;8;3;Quarta-feira;49;false
2021-12-09;09/12/2021;2021;2;4;12;Dezembro;9;4;Quinta-feira;49;false
2021-12-10;10/12/2021;2021;2;4;12;Dezembro;10;5;Sexta-feira;49;false
2021-12-11;11/12/2021;2021;2;4;12;Dezembro;11;6;Sabado;49;true
2021-12-12;12/12/2021;2021;2;4;12;Dezembro;12;7;Domingo;49;true
2021-12-13;13/12/2021;2021;2;4;12;Dezembro;13;1;Segunda-feira;50;false
2021-12-14;14/12/2021;2021;2;4;12;Dezembro;14;2;Terca-feira;50;false
2021-12-15;15/12/2021;2021;2;4;12;Dezembro;15;3;Quarta-feira;50;false
2021-12-16;16/12/2021;2021;2;4;12;Dezembro;16;4;Quinta-feira;50;false
2021-12-17;17/12/2021;2021;2;4;12;Dezembro;17;5;Sexta-feira;50;false
2021-12-18;18/12/2021;2021;2;4;12;Dezembro;18;6;Sabado;50;true
2021-12-19;19/12/2021;2021;2;4;12;Dezembro;19;7;Domingo;50;true
2021-12-20;20/12/2021;2021;2;4;12;Dezembro;20;1;Segunda-feira;51;false
2021-12-21;21/12/2021;2021;2;4;12;Dezembro;21;2;Terca-feira;51;false
2021-12-22;22/12/2021;2021;2;4;12;Dezembro;22;3;Quarta-feira;51;false
2021-12-23;23/12/2021;2021;2;4;12;Dezembro;23;4;Quinta-feira;51;false
2021-12-24;24/12/2021;2021;2;4;12;Dezembro;24;5;Sexta-feira;51;false
2021-12-25;25/12/2021;2021;2;4;12;Dezembro;25;6;Sabado;51;true
2021-12-26;26/12/2021;2021;2;4;12;Dezembro;26;7;Domingo;51;true
2021-12-27;27/12/2021;2021;2;4;12;Dezembro;27;1;Segunda-feira;52;false
2021-12-28;28/12/2021;2021;2;4;12;Dezembro;28;2;Terca-feira;52;false
2021-12-29;29/12/2021;2021;2;4;12;Dezembro;29;3;Quarta-feira;52;false
2021-12-30;30/12/2021;2021;2;4;12;Dezembro;30;4;Quinta-feira;52;false
2021-12-31;31/12/2021;2021;2;4;12;Dezembro;31;5;Sexta-feira;52;false
2022-01-01;01/01/2022;2022;1;1;1;Janeiro;1;6;Sabado;52;true
2022-01-02;02/01/2022;2022;1;1;1;Janeiro;2;7;Domingo;52;true
2022-01-03;03/01/2022;2022;1;1;1;Janeiro;3;1;Segunda-feira;1;false
2022-01-04;04/01/2022;2022;1;1;1;Janeiro;4;2;Terca-feira;1;false
2022-01-05;05/01/2022;2022;1;1;1;Janeiro;5;3;Quarta-feira;1;false
2022-01-06;06/01/2022;2022;1;1;1;Janeiro;6;4;Quinta-feira;1;false
2022-01-07;07/01/2022;2022;1;1;1;Janeiro;7;5;Sexta-feira;1;false
2022-01-08;08/01/2022;2022;1;1;1;Janeiro;8;6;Sabado;1;true
2022-01-09;09/01/2022;2022;1;1;1;Janeiro;9;7;Domingo;1;true
2022-01-10;10/01/2022;2022;1;1;1;Janeiro;10;1;Segunda-feira;2;false
2022-01-11;11/01/2022;2022;1;1;1;Janeiro;11;2;Terca-feira;2;false
2022-01-12;12/01/2022;2022;1;1;1;Janeiro;12;3;Quarta-feira;2;false
2022-01-13;13/01/2022;2022;1;1;1;Janeiro;13;4;Quinta-feira;2;false
2022-01-14;14/01/2022;2022;1;1;1;Janeiro;14;5;Sexta-feira;2;false
2022-01-15;15/01/2022;2022;1;1;1;Janeiro;15;6;Sabado;2;true
2022-01-16;16/01/2022;2022;1;1;1;Janeiro;16;7;Domingo;2;true
2022-01-17;17/01/2022;2022;1;1;1;Janeiro;17;1;Segunda-feira;3;false
2022-01-18;18/01/2022;2022;1;1;1;Janeiro;18;2;Terca-feira;3;false
2022-01-19;19/01/2022;2022;1;1;1;Janeiro;19;3;Quarta-feira;3;false
2022-01-20;20/01/2022;2022;1;1;1;Janeiro;20;4;Quinta-feira;3;false
2022-01-21;21/01/2022;2022;1;1;1;Janeiro;21;5;Sexta-feira;3;false
2022-01-22;22/01/2022;2022;1;1;1;Janeiro;22;6;Sabado;3;true
2022-01-23;23/01/2022;2022;1;1;1;Janeiro;23;7;Domingo;3;true
2022-01-24;24/01/2022;2022;1;1;1;Janeiro;24;1;Segunda-feira;4;false
2022-01-25;25/01/2022;2022;1;1;1;Janeiro;25;2;Terca-feira;4;false
2022-01-26;26/01/2022;2022;1;1;1;Janeiro;26;3;Quarta-feira;4;false
2022-01-27;27/01/2022;2022;1;1;1;Janeiro;27;4;Quinta-feira;4;false
2022-01-28;28/01/2022;2022;1;1;1;Janeiro;28;5;Sexta-feira;4;false
2022-01-29;29/01/2022;2022;1;1;1;Janeiro;29;6;Sabado;4;true
2022-01-30;30/01/2022;2022;1;1;1;Janeiro;30;7;Domingo;4;true
2022-01-31;31/01/2022;2022;1;1;1;Janeiro;31;1;Segunda-feira;5;false
2022-02-01;01/02/2022;2022;1;1;2;Fevereiro;1;2;Terca-feira;5;false
2022-02-02;02/02/2022;2022;1;1;2;Fevereiro;2;3;Quarta-feira;5;false
2022-02-03;03/02/2022;2022;1;1;2;Fevereiro;3;4;Quinta-feira;5;false
2022-02-04;04/02/2022;2022;1;1;2;Fevereiro;4;5;Sexta-feira;5;false
2022-02-05;05/02/2022;2022;1;1;2;Fevereiro;5;6;Sabado;5;true
2022-02-06;06/02/2022;2022;1;1;2;Fevereiro;6;7;Domingo;5;true
2022-02-07;07/02/2022;2022;1;1;2;Fevereiro;7;1;Segunda-feira;6;false
2022-02-08;08/02/2022;2022;1;1;2;Fevereiro;8;2;Terca-feira;6;false
2022-02-09;09/02/2022;2022;1;1;2;Fevereiro;9;3;Quarta-feira;6;false
2022-02-10;10/02/2022;2022;1;1;2;Fevereiro;10;4;Quinta-feira;6;false
2022-02-11;11/02/2022;2022;1;1;2;Fevereiro;11;5;Sexta-feira;6;false
2022-02-12;12/02/2022;2022;1;1;2;Fevereiro;12;6;Sabado;6;true
2022-02-13;13/02/2022;2022;1;1;2;Fevereiro;13;7;Domingo;6;true
2022-02-14;14/02/2022;2022;1;1;2;Fevereiro;14;1;Segunda-feira;7;false
2022-02-15;15/02/2022;2022;1;1;2;Fevereiro;15;2;Terca-feira;7;false
2022-02-16;16/02/2022;2022;1;1;2;Fevereiro;16;3;Quarta-feira;7;false
2022-02-17;17/02/2022;2022;1;1;2;Fevereiro;17;4;Quinta-feira;7;false
2022-02-18;18/02/2022;2022;1;1;2;Fevereiro;18;5;Sexta-feira;7;false
2022-02-19;19/02/2022;2022;1;1;2;Fevereiro;19;6;Sabado;7;true
2022-02-20;20/02/2022;2022;1;1;2;Fevereiro;20;7;Domingo;7;true
2022-02-21;21/02/2022;2022;1;1;2;Fevereiro;21;1;Segunda-feira;8;false
2022-02-22;22/02/2022;2022;1;1;2;Fevereiro;22;2;Terca-feira;8;false
2022-02-23;23/02/2022;2022;1;1;2;Fevereiro;23;3;Quarta-feira;8;false
2022-02-24;24/02/2022;2022;1;1;2;Fevereiro;24;4;Quinta-feira;8;false
2022-02-25;25/02/2022;2022;1;1;2;Fevereiro;25;5;Sexta-feira;8;false
2022-02-26;26/02/2022;2022;1;1;2;Fevereiro;26;6;Sabado;8;true
2022-02-27;27/02/2022;2022;1;1;2;Fevereiro;27;7;Domingo;8;true
2022-02-28;28/02/2022;2022;1;1;2;Fevereiro;28;1;Segunda-feira;9;false
2022-03-01;01/03/2022;2022;1;1;3;Marco;1;2;Terca-feira;9;false
2022-03-02;02/03/2022;2022;1;1;3;Marco;2;3;Quarta-feira;9;false
2022-03-03;03/03/2022;2022;1;1;3;Marco;3;4;Quinta-feira;9;false
2022-03-04;04/03/2022;2022;1;1;3;Marco;4;5;Sexta-feira;9;false
2022-03-05;05/03/2022;2022;1;1;3;Marco;5;6;Sabado;9;true
2022-03-06;06/03/2022;2022;1;1;3;Marco;6;7;Domingo;9;true
2022-03-07;07/03/2022;2022;1;1;3;Marco;7;1;Segunda-feira;10;false
2022-03-08;08/03/2022;2022;1;1;3;Marco;8;2;Terca-feira;10;false
2022-03-09;09/03/2022;2022;1;1;3;Marco;9;3;Quarta-feira;10;false
2022-03-10;10/03/2022;2022;1;1;3;Marco;10;4;Quinta-feira;10;false
2022-03-11;11/03/2022;2022;1;1;3;Marco;11;5;Sexta-feira;10;false
2022-03-12;12/03/2022;2022;1;1;3;Marco;12;6;Sabado;10;true
2022-03-13;13/03/2022;2022;1;1;3;Marco;13;7;Domingo;10;true
2022-03-14;14/03/2022;2022;1;1;3;Marco;14;1;Segunda-feira;11;false
2022-03-15;15/03/2022;2022;1;1;3;Marco;15;2;Terca-feira;11;false
2022-03-16;16/03/2022;2022;1;1;3;Marco;16;3;Quarta-feira;11;false
2022-03-17;17/03/2022;2022;1;1;3;Marco;17;4;Quinta-feira;11;false
2022-03-18;18/03/2022;2022;1;1;3;Marco;18;5;Sexta-feira;11;false
2022-03-19;19/03/2022;2022;1;1;3;Marco;19;6;Sabado;11;true
2022-03-20;20/03/2022;2022;1;1;3;Marco;20;7;Domingo;11;true
2022-03-21;21/03/2022;2022;1;1;3;Marco;21;1;Segunda-feira;12;false
2022-03-22;22/03/2022;2022;1;1;3;Marco;22;2;Terca-feira;12;false
2022-03-23;23/03/2022;2022;1;1;3;Marco;23;3;Quarta-feira;12;false
2022-03-24;24/03/2022;2022;1;1;3;Marco;24;4;Quinta-feira;12;false
2022-03-25;25/03/2022;2022;1;1;3;Marco;25;5;Sexta-feira;12;false
2022-03-26;26/03/2022;2022;1;1;3;Marco;26;6;Sabado;12;true
2022-03-27;27/03/2022;2022;1;1;3;Marco;27;7;Domingo;12;true
2022-03-28;28/03/2022;2022;1;1;3;Marco;28;1;Segunda-feira;13;false
2022-03-29;29/03/2022;2022;1;1;3;Marco;29;2;Terca-feira;13;false
2022-03-30;30/03/2022;2022;1;1;3;Marco;30;3;Quarta-feira;13;false
2022-03-31;31/03/2022;2022;1;1;3;Marco;31;4;Quinta-feira;13;false
2022-04-01;01/04/2022;2022;1;2;4;Abril;1;5;Sexta-feira;13;false
2022-04-02;02/04/2022;2022;1;2;4;Abril;2;6;Sabado;13;true
2022-04-03;03/04/2022;2022;1;2;4;Abril;3;7;Domingo;13;true
2022-04-04;04/04/2022;2022;1;2;4;Abril;4;1;Segunda-feira;14;false
2022-04-05;05/04/2022;2022;1;2;4;Abril;5;2;Terca-feira;14;false
2022-04-06;06/04/2022;2022;1;2;4;Abril;6;3;Quarta-feira;14;false
2022-04-07;07/04/2022;2022;1;2;4;Abril;7;4;Quinta-feira;14;false
2022-04-08;08/04/2022;2022;1;2;4;Abril;8;5;Sexta-feira;14;false
2022-04-09;09/04/2022;2022;1;2;4;Abril;9;6;Sabado;14;true
2022-04-10;10/04/2022;2022;1;2;4;Abril;10;7;Domingo;14;true
2022-04-11;11/04/2022;2022;1;2;4;Abril;11;1;Segunda-feira;15;false
2022-04-12;12/04/2022;2022;1;2;4;Abril;12;2;Terca-feira;15;false
2022-04-13;13/04/2022;2022;1;2;4;Abril;13;3;Quarta-feira;15;false
2022-04-14;14/04/2022;2022;1;2;4;Abril;14;4;Quinta-feira;15;false
2022-04-15;15/04/2022;2022;1;2;4;Abril;15;5;Sexta-feira;15;false
2022-04-16;16/04/2022;2022;1;2;4;Abril;16;6;Sabado;15;true
2022-04-17;17/04/2022;2022;1;2;4;Abril;17;7;Domingo;15;true
2022-04-18;18/04/2022;2022;1;2;4;Abril;18;1;Segunda-feira;16;false
2022-04-19;19/04/2022;2022;1;2;4;Abril;19;2;Terca-feira;16;false
2022-04-20;20/04/2022;2022;1;2;4;Abril;20;3;Quarta-feira;16;false
2022-04-21;21/04/2022;2022;1;2;4;Abril;21;4;Quinta-feira;16;false
2022-04-22;22/04/2022;2022;1;2;4;Abril;22;5;Sexta-feira;16;false
2022-04-23;23/04/2022;2022;1;2;4;Abril;23;6;Sabado;16;true
2022-04-24;24/04/2022;2022;1;2;4;Abril;24;7;Domingo;16;true
2022-04-25;25/04/2022;2022;1;2;4;Abril;25;1;Segunda-feira;17;false
2022-04-26;26/04/2022;2022;1;2;4;Abril;26;2;Terca-feira;17;false
2022-04-27;27/04/2022;2022;1;2;4;Abril;27;3;Quarta-feira;17;false
2022-04-28;28/04/2022;2022;1;2;4;Abril;28;4;Quinta-feira;17;false
2022-04-29;29/04/2022;2022;1;2;4;Abril;29;5;Sexta-feira;17;false
2022-04-30;30/04/2022;2022;1;2;4;Abril;30;6;Sabado;17;true
2022-05-01;01/05/2022;2022;1;2;5;Maio;1;7;Domingo;17;true
2022-05-02;02/05/2022;2022;1;2;5;Maio;2;1;Segunda-feira;18;false
2022-05-03;03/05/2022;2022;1;2;5;Maio;3;2;Terca-feira;18;false
2022-05-04;04/05/2022;2022;1;2;5;Maio;4;3;Quarta-feira;18;false
2022-05-05;05/05/2022;2022;1;2;5;Maio;5;4;Quinta-feira;18;false
2022-05-06;06/05/2022;2022;1;2;5;Maio;6;5;Sexta-feira;18;false
2022-05-07;07/05/2022;2022;1;2;5;Maio;7;6;Sabado;18;true
2022-05-08;08/05/2022;2022;1;2;5;Maio;8;7;Domingo;18;true
2022-05-09;09/05/2022;2022;1;2;5;Maio;9;1;Segunda-feira;19;false
2022-05-10;10/05/2022;2022;1;2;5;Maio;10;2;Terca-feira;19;false
2022-05-11;11/05/2022;2022;1;2;5;Maio;11;3;Quarta-feira;19;false
2022-05-12;12/05/2022;2022;1;2;5;Maio;12;4;Quinta-feira;19;false
2022-05-13;13/05/2022;2022;1;2;5;Maio;13;5;Sexta-feira;19;false
2022-05-14;14/05/2022;2022;1;2;5;Maio;14;6;Sabado;19;true
2022-05-15;15/05/2022;2022;1;2;5;Maio;15;7;Domingo;19;true
2022-05-16;16/05/2022;2022;1;2;5;Maio;16;1;Segunda-feira;20;false
2022-05-17;17/05/2022;2022;1;2;5;Maio;17;2;Terca-feira;20;false
2022-05-18;18/05/2022;2022;1;2;5;Maio;18;3;Quarta-feira;20;false
2022-05-19;19/05/2022;2022;1;2;5;Maio;19;4;Quinta-feira;20;false
2022-05-20;20/05/2022;2022;1;2;5;Maio;20;5;Sexta-feira;20;false
2022-05-21;21/05/2022;2022;1;2;5;Maio;21;6;Sabado;20;true
2022-05-22;22/05/2022;2022;1;2;5;Maio;22;7;Domingo;20;true
2022-05-23;23/05/2022;2022;1;2;5;Maio;23;1;Segunda-feira;21;false
2022-05-24;24/05/2022;2022;1;2;5;Maio;24;2;Terca-feira;21;false
2022-05-25;25/05/2022;2022;1;2;5;Maio;25;3;Quarta-feira;21;false
2022-05-26;26/05/2022;2022;1;2;5;Maio;26;4;Quinta-feira;21;false
2022-05-27;27/05/2022;2022;1;2;5;Maio;27;5;Sexta-feira;21;false
2022-05-28;28/05/2022;2022;1;2;5;Maio;28;6;Sabado;21;true
2022-05-29;29/05/2022;2022;1;2;5;Maio;29;7;Domingo;21;true
2022-05-30;30/05/2022;2022;1;2;5;Maio;30;1;Segunda-feira;22;false
2022-05-31;31/05/2022;2022;1;2;5;Maio;31;2;Terca-feira;22;false
2022-06-01;01/06/2022;2022;1;2;6;Junho;1;3;Quarta-feira;22;false
2022-06-02;02/06/2022;2022;1;2;6;Junho;2;4;Quinta-feira;22;false
2022-06-03;03/06/2022;2022;1;2;6;Junho;3;5;Sexta-feira;22;false
2022-06-04;04/06/2022;2022;1;2;6;Junho;4;6;Sabado;22;true
2022-06-05;05/06/2022;2022;1;2;6;Junho;5;7;Domingo;22;true
2022-06-06;06/06/2022;2022;1;2;6;Junho;6;1;Segunda-feira;23;false
2022-06-07;07/06/2022;2022;1;2;6;Junho;7;2;Terca-feira;23;false
2022-06-08;08/06/2022;2022;1;2;6;Junho;8;3;Quarta-feira;23;false
2022-06-09;09/06/2022;2022;1;2;6;Junho;9;4;Quinta-feira;23;false
2022-06-10;10/06/2022;2022;1;2;6;Junho;10;5;Sexta-feira;23;false
2022-06-11;11/06/2022;2022;1;2;6;Junho;11;6;Sabado;23;true
2022-06-12;12/06/2022;2022;1;2;6;Junho;12;7;Domingo;23;true
2022-06-13;13/06/2022;2022;1;2;6;Junho;13;1;Segunda-feira;24;false
2022-06-14;14/06/2022;2022;1;2;6;Junho;14;2;Terca-feira;24;false
2022-06-15;15/06/2022;2022;1;2;6;Junho;15;3;Quarta-feira;24;false
2022-06-16;16/06/2022;2022;1;2;6;Junho;16;4;Quinta-feira;24;false
2022-06-17;17/06/2022;2022;1;2;6;Junho;17;5;Sexta-feira;24;false
2022-06-18;18/06/2022;2022;1;2;6;Junho;18;6;Sabado;24;true
2022-06-19;19/06/2022;2022;1;2;6;Junho;19;7;Domingo;24;true
2022-06-20;20/06/2022;2022;1;2;6;Junho;20;1;Segunda-feira;25;false
2022-06-21;21/06/2022;2022;1;2;6;Junho;21;2;Terca-feira;25;false
2022-06-22;22/06/2022;2022;1;2;6;Junho;22;3;Quarta-feira;25;false
2022-06-23;23/06/2022;2022;1;2;6;Junho;23;4;Quinta-feira;25;false
2022-06-24;24/06/2022;2022;1;2;6;Junho;24;5;Sexta-feira;25;false
2022-06-25;25/06/2022;2022;1;2;6;Junho;25;6;Sabado;25;true
2022-06-26;26/06/2022;2022;1;2;6;Junho;26;7;Domingo;25;true
2022-06-27;27/06/2022;2022;1;2;6;Junho;27;1;Segunda-feira;26;false
2022-06-28;28/06/2022;2022;1;2;6;Junho;28;2;Terca-feira;26;false
2022-06-29;29/06/2022;2022;1;2;6;Junho;29;3;Quarta-feira;26;false
2022-06-30;30/06/2022;2022;1;2;6;Junho;30;4;Quinta-feira;26;false
2022-07-01;01/07/2022;2022;2;3;7;Julho;1;5;Sexta-feira;26;false
2022-07-02;02/07/2022;2022;2;3;7;Julho;2;6;Sabado;26;true
2022-07-03;03/07/2022;2022;2;3;7;Julho;3;7;Domingo;26;true
2022-07-04;04/07/2022;2022;2;3;7;Julho;4;1;Segunda-feira;27;false
2022-07-05;05/07/2022;2022;2;3;7;Julho;5;2;Terca-feira;27;false
2022-07-06;06/07/2022;2022;2;3;7;Julho;6;3;Quarta-feira;27;false
2022-07-07;07/07/2022;2022;2;3;7;Julho;7;4;Quinta-feira;27;false
2022-07-08;08/07/2022;2022;2;3;7;Julho;8;5;Sexta-feira;27;false
2022-07-09;09/07/2022;2022;2;3;7;Julho;9;6;Sabado;27;true
2022-07-10;10/07/2022;2022;2;3;7;Julho;10;7;Domingo;27;true
2022-07-11;11/07/2022;2022;2;3;7;Julho;11;1;Segunda-feira;28;false
2022-07-12;12/07/2022;2022;2;3;7;Julho;12;2;Terca-feira;28;false
2022-07-13;13/07/2022;2022;2;3;7;Julho;13;3;Quarta-feira;28;false
2022-07-14;14/07/2022;2022;2;3;7;Julho;14;4;Quinta-feira;28;false
2022-07-15;15/07/2022;2022;2;3;7;Julho;15;5;Sexta-feira;28;false
2022-07-16;16/07/2022;2022;2;3;7;Julho;16;6;Sabado;28;true
2022-07-17;17/07/2022;2022;2;3;7;Julho;17;7;Domingo;28;true
2022-07-18;18/07/2022;2022;2;3;7;Julho;18;1;Segunda-feira;29;false
2022-07-19;19/07/2022;2022;2;3;7;Julho;19;2;Terca-feira;29;false
2022-07-20;20/07/2022;2022;2;3;7;Julho;20;3;Quarta-feira;29;false
2022-07-21;21/07/2022;2022;2;3;7;Julho;21;4;Quinta-feira;29;false
2022-07-22;22/07/2022;2022;2;3;7;Julho;22;5;Sexta-feira;29;false
2022-07-23;23/07/2022;2022;2;3;7;Julho;23;6;Sabado;29;true
2022-07-24;24/07/2022;2022;2;3;7;Julho;24;7;Domingo;29;true
2022-07-25;25/07/2022;2022;2;3;7;Julho;25;1;Segunda-feira;30;false
2022-07-26;26/07/2022;2022;2;3;7;Julho;26;2;Terca-feira;30;false
2022-07-27;27/07/2022;2022;2;3;7;Julho;27;3;Quarta-feira;30;false
2022-07-28;28/07/2022;2022;2;3;7;Julho;28;4;Quinta-feira;30;false
2022-07-29;29/07/2022;2022;2;3;7;Julho;29;5;Sexta-feira;30;false
2022-07-30;30/07/2022;2022;2;3;7;Julho;30;6;Sabado;30;true
2022-07-31;31/07/2022;2022;2;3;7;Julho;31;7;Domingo;30;true
2022-08-01;01/08/2022;2022;2;3;8;Agosto;1;1;Segunda-feira;31;false
2022-08-02;02/08/2022;2022;2;3;8;Agosto;2;2;Terca-feira;31;false
2022-08-03;03/08/2022;2022;2;3;8;Agosto;3;3;Quarta-feira;31;false
2022-08-04;04/08/2022;2022;2;3;8;Agosto;4;4;Quinta-feira;31;false
2022-08-05;05/08/2022;2022;2;3;8;Agosto;5;5;Sexta-feira;31;false
2022-08-06;06/08/2022;2022;2;3;8;Agosto;6;6;Sabado;31;true
2022-08-07;07/08/2022;2022;2;3;8;Agosto;7;7;Domingo;31;true
2022-08-08;08/08/2022;2022;2;3;8;Agosto;8;1;Segunda-feira;32;false
2022-08-09;09/08/2022;2022;2;3;8;Agosto;9;2;Terca-feira;32;false
2022-08-10;10/08/2022;2022;2;3;8;Agosto;10;3;Quarta-feira;32;false
2022-08-11;11/08/2022;2022;2;3;8;Agosto;11;4;Quinta-feira;32;false
2022-08-12;12/08/2022;2022;2;3;8;Agosto;12;5;Sexta-feira;32;false
2022-08-13;13/08/2022;2022;2;3;8;Agosto;13;6;Sabado;32;true
2022-08-14;14/08/2022;2022;2;3;8;Agosto;14;7;Domingo;32;true
2022-08-15;15/08/2022;2022;2;3;8;Agosto;15;1;Segunda-feira;33;false
2022-08-16;16/08/2022;2022;2;3;8;Agosto;16;2;Terca-feira;33;false
2022-08-17;17/08/2022;2022;2;3;8;Agosto;17;3;Quarta-feira;33;false
2022-08-18;18/08/2022;2022;2;3;8;Agosto;18;4;Quinta-feira;33;false
2022-08-19;19/08/2022;2022;2;3;8;Agosto;19;5;Sexta-feira;33;false
2022-08-20;20/08/2022;2022;2;3;8;Agosto;20;6;Sabado;33;true
2022-08-21;21/08/2022;2022;2;3;8;Agosto;21;7;Domingo;33;true
2022-08-22;22/08/2022;2022;2;3;8;Agosto;22;1;Segunda-feira;34;false
2022-08-23;23/08/2022;2022;2;3;8;Agosto;23;2;Terca-feira;34;false
2022-08-24;24/08/2022;2022;2;3;8;Agosto;24;3;Quarta-feira;34;false
2022-08-25;25/08/2022;2022;2;3;8;Agosto;25;4;Quinta-feira;34;false
2022-08-26;26/08/2022;2022;2;3;8;Agosto;26;5;Sexta-feira;34;false
2022-08-27;27/08/2022;2022;2;3;8;Agosto;27;6;Sabado;34;true
2022-08-28;28/08/2022;2022;2;3;8;Agosto;28;7;Domingo;34;true
2022-08-29;29/08/2022;2022;2;3;8;Agosto;29;1;Segunda-feira;35;false
2022-08-30;30/08/2022;2022;2;3;8;Agosto;30;2;Terca-feira;35;false
2022-08-31;31/08/2022;2022;2;3;8;Agosto;31;3;Quarta-feira;35;false
2022-09-01;01/09/2022;2022;2;3;9;Setembro;1;4;Quinta-feira;35;false
2022-09-02;02/09/2022;2022;2;3;9;Setembro;2;5;Sexta-feira;35;false
2022-09-03;03/09/2022;2022;2;3;9;Setembro;3;6;Sabado;35;true
2022-09-04;04/09/2022;2022;2;3;9;Setembro;4;7;Domingo;35;true
2022-09-05;05/09/2022;2022;2;3;9;Setembro;5;1;Segunda-feira;36;false
2022-09-06;06/09/2022;2022;2;3;9;Setembro;6;2;Terca-feira;36;false
2022-09-07;07/09/2022;2022;2;3;9;Setembro;7;3;Quarta-feira;36;false
2022-09-08;08/09/2022;2022;2;3;9;Setembro;8;4;Quinta-feira;36;false
2022-09-09;09/09/2022;2022;2;3;9;Setembro;9;5;Sexta-feira;36;false
2022-09-10;10/09/2022;2022;2;3;9;Setembro;10;6;Sabado;36;true
2022-09-11;11/09/2022;2022;2;3;9;Setembro;11;7;Domingo;36;true
2022-09-12;12/09/2022;2022;2;3;9;Setembro;12;1;Segunda-feira;37;false
2022-09-13;13/09/2022;2022;2;3;9;Setembro;13;2;Terca-feira;37;false
2022-09-14;14/09/2022;2022;2;3;9;Setembro;14;3;Quarta-feira;37;false
2022-09-15;15/09/2022;2022;2;3;9;Setembro;15;4;Quinta-feira;37;false
2022-09-16;16/09/2022;2022;2;3;9;Setembro;16;5;Sexta-feira;37;false
2022-09-17;17/09/2022;2022;2;3;9;Setembro;17;6;Sabado;37;true
2022-09-18;18/09/2022;2022;2;3;9;Setembro;18;7;Domingo;37;true
2022-09-19;19/09/2022;2022;2;3;9;Setembro;19;1;Segunda-feira;38;false
2022-09-20;20/09/2022;2022;2;3;9;Setembro;20;2;Terca-feira;38;false
2022-09-21;21/09/2022;2022;2;3;9;Setembro;21;3;Quarta-feira;38;false
2022-09-22;22/09/2022;2022;2;3;9;Setembro;22;4;Quinta-feira;38;false
2022-09-23;23/09/2022;2022;2;3;9;Setembro;23;5;Sexta-feira;38;false
2022-09-24;24/09/2022;2022;2;3;9;Setembro;24;6;Sabado;38;true
2022-09-25;25/09/2022;2022;2;3;9;Setembro;25;7;Domingo;38;true
2022-09-26;26/09/2022;2022;2;3;9;Setembro;26;1;Segunda-feira;39;false
2022-09-27;27/09/2022;2022;2;3;9;Setembro;27;2;Terca-feira;39;false
2022-09-28;28/09/2022;2022;2;3;9;Setembro;28;3;Quarta-feira;39;false
2022-09-29;29/09/2022;2022;2;3;9;Setembro;29;4;Quinta-feira;39;false
2022-09-30;30/09/2022;2022;2;3;9;Setembro;30;5;Sexta-feira;39;false
2022-10-01;01/10/2022;2022;2;4;10;Outubro;1;6;Sabado;39;true
2022-10-02;02/10/2022;2022;2;4;10;Outubro;2;7;Domingo;39;true
2022-10-03;03/10/2022;2022;2;4;10;Outubro;3;1;Segunda-feira;40;false
2022-10-04;04/10/2022;2022;2;4;10;Outubro;4;2;Terca-feira;40;false
2022-10-05;05/10/2022;2022;2;4;10;Outubro;5;3;Quarta-feira;40;false
2022-10-06;06/10/2022;2022;2;4;10;Outubro;6;4;Quinta-feira;40;false
2022-10-07;07/10/2022;2022;2;4;10;Outubro;7;5;Sexta-feira;40;false
2022-10-08;08/10/2022;2022;2;4;10;Outubro;8;6;Sabado;40;true
2022-10-09;09/10/2022;2022;2;4;10;Outubro;9;7;Domingo;40;true
2022-10-10;10/10/2022;2022;2;4;10;Outubro;10;1;Segunda-feira;41;false
2022-10-11;11/10/2022;2022;2;4;10;Outubro;11;2;Terca-feira;41;false
2022-10-12;12/10/2022;2022;2;4;10;Outubro;12;3;Quarta-feira;41;false
2022-10-13;13/10/2022;2022;2;4;10;Outubro;13;4;Quinta-feira;41;false
2022-10-14;14/10/2022;2022;2;4;10;Outubro;14;5;Sexta-feira;41;false
2022-10-15;15/10/2022;2022;2;4;10;Outubro;15;6;Sabado;41;true
2022-10-16;16/10/2022;2022;2;4;10;Outubro;16;7;Domingo;41;true
2022-10-17;17/10/2022;2022;2;4;10;Outubro;17;1;Segunda-feira;42;false
2022-10-18;18/10/2022;2022;2;4;10;Outubro;18;2;Terca-feira;42;false
2022-10-19;19/10/2022;2022;2;4;10;Outubro;19;3;Quarta-feira;42;false
2022-10-20;20/10/2022;2022;2;4;10;Outubro;20;4;Quinta-feira;42;false
2022-10-21;21/10/2022;2022;2;4;10;Outubro;21;5;Sexta-feira;42;false
2022-10-22;22/10/2022;2022;2;4;10;Outubro;22;6;Sabado;42;true
2022-10-23;23/10/2022;2022;2;4;10;Outubro;23;7;Domingo;42;true
2022-10-24;24/10/2022;2022;2;4;10;Outubro;24;1;Segunda-feira;43;false
2022-10-25;25/10/2022;2022;2;4;10;Outubro;25;2;Terca-feira;43;false
2022-10-26;26/10/2022;2022;2;4;10;Outubro;26;3;Quarta-feira;43;false
2022-10-27;27/10/2022;2022;2;4;10;Outubro;27;4;Quinta-feira;43;false
2022-10-28;28/10/2022;2022;2;4;10;Outubro;28;5;Sexta-feira;43;false
2022-10-29;29/10/2022;2022;2;4;10;Outubro;29;6;Sabado;43;true
2022-10-30;30/10/2022;2022;2;4;10;Outubro;30;7;Domingo;43;true
2022-10-31;31/10/2022;2022;2;4;10;Outubro;31;1;Segunda-feira;44;false
2022-11-01;01/11/2022;2022;2;4;11;Novembro;1;2;Terca-feira;44;false
2022-11-02;02/11/2022;2022;2;4;11;Novembro;2;3;Quarta-feira;44;false
2022-11-03;03/11/2022;2022;2;4;11;Novembro;3;4;Quinta-feira;44;false
2022-11-04;04/11/2022;2022;2;4;11;Novembro;4;5;Sexta-feira;44;false
2022-11-05;05/11/2022;2022;2;4;11;Novembro;5;6;Sabado;44;true
2022-11-06;06/11/2022;2022;2;4;11;Novembro;6;7;Domingo;44;true
2022-11-07;07/11/2022;2022;2;4;11;Novembro;7;1;Segunda-feira;45;false
2022-11-08;08/11/2022;2022;2;4;11;Novembro;8;2;Terca-feira;45;false
2022-11-09;09/11/2022;2022;2;4;11;Novembro;9;3;Quarta-feira;45;false
2022-11-10;10/11/2022;2022;2;4;11;Novembro;10;4;Quinta-feira;45;false
2022-11-11;11/11/2022;2022;2;4;11;Novembro;11;5;Sexta-feira;45;false
2022-11-12;12/11/2022;2022;2;4;11;Novembro;12;6;Sabado;45;true
2022-11-13;13/11/2022;2022;2;4;11;Novembro;13;7;Domingo;45;true
2022-11-14;14/11/2022;2022;2;4;11;Novembro;14;1;Segunda-feira;46;false
2022-11-15;15/11/2022;2022;2;4;11;Novembro;15;2;Terca-feira;46;false
2022-11-16;16/11/2022;2022;2;4;11;Novembro;16;3;Quarta-feira;46;false
2022-11-17;17/11/2022;2022;2;4;11;Novembro;17;4;Quinta-feira;46;false
2022-11-18;18/11/2022;2022;2;4;11;Novembro;18;5;Sexta-feira;46;false
2022-11-19;19/11/2022;2022;2;4;11;Novembro;19;6;Sabado;46;true
2022-11-20;20/11/2022;2022;2;4;11;Novembro;20;7;Domingo;46;true
2022-11-21;21/11/2022;2022;2;4;11;Novembro;21;1;Segunda-feira;47;false
2022-11-22;22/11/2022;2022;2;4;11;Novembro;22;2;Terca-feira;47;false
2022-11-23;23/11/2022;2022;2;4;11;Novembro;23;3;Quarta-feira;47;false
2022-11-24;24/11/2022;2022;2;4;11;Novembro;24;4;Quinta-feira;47;false
2022-11-25;25/11/2022;2022;2;4;11;Novembro;25;5;Sexta-feira;47;false
2022-11-26;26/11/2022;2022;2;4;11;Novembro;26;6;Sabado;47;true
2022-11-27;27/11/2022;2022;2;4;11;Novembro;27;7;Domingo;47;true
2022-11-28;28/11/2022;2022;2;4;11;Novembro;28;1;Segunda-feira;48;false
2022-11-29;29/11/2022;2022;2;4;11;Novembro;29;2;Terca-feira;48;false
2022-11-30;30/11/2022;2022;2;4;11;Novembro;30;3;Quarta-feira;48;false
2022-12-01;01/12/2022;2022;2;4;12;Dezembro;1;4;Quinta-feira;48;false
2022-12-02;02/12/2022;2022;2;4;12;Dezembro;2;5;Sexta-feira;48;false
2022-12-03;03/12/2022;2022;2;4;12;Dezembro;3;6;Sabado;48;true
2022-12-04;04/12/2022;2022;2;4;12;Dezembro;4;7;Domingo;48;true
2022-12-05;05/12/2022;2022;2;4;12;Dezembro;5;1;Segunda-feira;49;false
2022-12-06;06/12/2022;2022;2;4;12;Dezembro;6;2;Terca-feira;49;false
2022-12-07;07/12/2022;2022;2;4;12;Dezembro;7;3;Quarta-feira;49;false
2022-12-08;08/12/2022;2022;2;4;12;Dezembro;8;4;Quinta-feira;49;false
2022-12-09;09/12/2022;2022;2;4;12;Dezembro;9;5;Sexta-feira;49;false
2022-12-10;10/12/2022;2022;2;4;12;Dezembro;10;6;Sabado;49;true
2022-12-11;11/12/2022;2022;2;4;12;Dezembro;11;7;Domingo;49;true
2022-12-12;12/12/2022;2022;2;4;12;Dezembro;12;1;Segunda-feira;50;false
2022-12-13;13/12/2022;2022;2;4;12;Dezembro;13;2;Terca-feira;50;false
2022-12-14;14/12/2022;2022;2;4;12;Dezembro;14;3;Quarta-feira;50;false
2022-12-15;15/12/2022;2022;2;4;12;Dezembro;15;4;Quinta-feira;50;false
2022-12-16;16/12/2022;2022;2;4;12;Dezembro;16;5;Sexta-feira;50;false
2022-12-17;17/12/2022;2022;2;4;12;Dezembro;17;6;Sabado;50;true
2022-12-18;18/12/2022;2022;2;4;12;Dezembro;18;7;Domingo;50;true
2022-12-19;19/12/2022;2022;2;4;12;Dezembro;19;1;Segunda-feira;51;false
2022-12-20;20/12/2022;2022;2;4;12;Dezembro;20;2;Terca-feira;51;false
2022-12-21;21/12/2022;2022;2;4;12;Dezembro;21;3;Quarta-feira;51;false
2022-12-22;22/12/2022;2022;2;4;12;Dezembro;22;4;Quinta-feira;51;false
2022-12-23;23/12/2022;2022;2;4;12;Dezembro;23;5;Sexta-feira;51;false
2022-12-24;24/12/2022;2022;2;4;12;Dezembro;24;6;Sabado;51;true
2022-12-25;25/12/2022;2022;2;4;12;Dezembro;25;7;Domingo;51;true
2022-12-26;26/12/2022;2022;2;4;12;Dezembro;26;1;Segunda-feira;52;false
2022-12-27;27/12/2022;2022;2;4;12;Dezembro;27;2;Terca-feira;52;false
2022-12-28;28/12/2022;2022;2;4;12;Dezembro;28;3;Quarta-feira;52;false
2022-12-29;29/12/2022;2022;2;4;12;Dezembro;29;4;Quinta-feira;52;false
2022-12-30;30/12/2022;2022;2;4;12;Dezembro;30;5;Sexta-feira;52;false
2022-12-31;31/12/2022;2022;2;4;12;Dezembro;31;6;Sabado;52;true
2023-01-01;01/01/2023;2023;1;1;1;Janeiro;1;7;Domingo;52;true
2023-01-02;02/01/2023;2023;1;1;1;Janeiro;2;1;Segunda-feira;1;false
2023-01-03;03/01/2023;2023;1;1;1;Janeiro;3;2;Terca-feira;1;false
2023-01-04;04/01/2023;2023;1;1;1;Janeiro;4;3;Quarta-feira;1;false
2023-01-05;05/01/2023;2023;1;1;1;Janeiro;5;4;Quinta-feira;1;false
2023-01-06;06/01/2023;2023;1;1;1;Janeiro;6;5;Sexta-feira;1;false
2023-01-07;07/01/2023;2023;1;1;1;Janeiro;7;6;Sabado;1;true
2023-01-08;08/01/2023;2023;1;1;1;Janeiro;8;7;Domingo;1;true
2023-01-09;09/01/2023;2023;1;1;1;Janeiro;9;1;Segunda-feira;2;false
2023-01-10;10/01/2023;2023;1;1;1;Janeiro;10;2;Terca-feira;2;false
2023-01-11;11/01/2023;2023;1;1;1;Janeiro;11;3;Quarta-feira;2;false
2023-01-12;12/01/2023;2023;1;1;1;Janeiro;12;4;Quinta-feira;2;false
2023-01-13;13/01/2023;2023;1;1;1;Janeiro;13;5;Sexta-feira;2;false
2023-01-14;14/01/2023;2023;1;1;1;Janeiro;14;6;Sabado;2;true
2023-01-15;15/01/2023;2023;1;1;1;Janeiro;15;7;Domingo;2;true
2023-01-16;16/01/2023;2023;1;1;1;Janeiro;16;1;Segunda-feira;3;false
2023-01-17;17/01/2023;2023;1;1;1;Janeiro;17;2;Terca-feira;3;false
2023-01-18;18/01/2023;2023;1;1;1;Janeiro;18;3;Quarta-feira;3;false
2023-01-19;19/01/2023;2023;1;1;1;Janeiro;19;4;Quinta-feira;3;false
2023-01-20;20/01/2023;2023;1;1;1;Janeiro;20;5;Sexta-feira;3;false
2023-01-21;21/01/2023;2023;1;1;1;Janeiro;21;6;Sabado;3;true
2023-01-22;22/01/2023;2023;1;1;1;Janeiro;22;7;Domingo;3;true
2023-01-23;23/01/2023;2023;1;1;1;Janeiro;23;1;Segunda-feira;4;false
2023-01-24;24/01/2023;2023;1;1;1;Janeiro;24;2;Terca-feira;4;false
2023-01-25;25/01/2023;2023;1;1;1;Janeiro;25;3;Quarta-feira;4;false
2023-01-26;26/01/2023;2023;1;1;1;Janeiro;26;4;Quinta-feira;4;false
2023-01-27;27/01/2023;2023;1;1;1;Janeiro;27;5;Sexta-feira;4;false
2023-01-28;28/01/2023;2023;1;1;1;Janeiro;28;6;Sabado;4;true
2023-01-29;29/01/2023;2023;1;1;1;Janeiro;29;7;Domingo;4;true
2023-01-30;30/01/2023;2023;1;1;1;Janeiro;30;1;Segunda-feira;5;false
2023-01-31;31/01/2023;2023;1;1;1;Janeiro;31;2;Terca-feira;5;false
2023-02-01;01/02/2023;2023;1;1;2;Fevereiro;1;3;Quarta-feira;5;false
2023-02-02;02/02/2023;2023;1;1;2;Fevereiro;2;4;Quinta-feira;5;false
2023-02-03;03/02/2023;2023;1;1;2;Fevereiro;3;5;Sexta-feira;5;false
2023-02-04;04/02/2023;2023;1;1;2;Fevereiro;4;6;Sabado;5;true
2023-02-05;05/02/2023;2023;1;1;2;Fevereiro;5;7;Domingo;5;true
2023-02-06;06/02/2023;2023;1;1;2;Fevereiro;6;1;Segunda-feira;6;false
2023-02-07;07/02/2023;2023;1;1;2;Fevereiro;7;2;Terca-feira;6;false
2023-02-08;08/02/2023;2023;1;1;2;Fevereiro;8;3;Quarta-feira;6;false
2023-02-09;09/02/2023;2023;1;1;2;Fevereiro;9;4;Quinta-feira;6;false
2023-02-10;10/02/2023;2023;1;1;2;Fevereiro;10;5;Sexta-feira;6;false
2023-02-11;11/02/2023;2023;1;1;2;Fevereiro;11;6;Sabado;6;true
2023-02-12;12/02/2023;2023;1;1;2;Fevereiro;12;7;Domingo;6;true
2023-02-13;13/02/2023;2023;1;1;2;Fevereiro;13;1;Segunda-feira;7;false
2023-02-14;14/02/2023;2023;1;1;2;Fevereiro;14;2;Terca-feira;7;false
2023-02-15;15/02/2023;2023;1;1;2;Fevereiro;15;3;Quarta-feira;7;false
2023-02-16;16/02/2023;2023;1;1;2;Fevereiro;16;4;Quinta-feira;7;false
2023-02-17;17/02/2023;2023;1;1;2;Fevereiro;17;5;Sexta-feira;7;false
2023-02-18;18/02/2023;2023;1;1;2;Fevereiro;18;6;Sabado;7;true
2023-02-19;19/02/2023;2023;1;1;2;Fevereiro;19;7;Domingo;7;true
2023-02-20;20/02/2023;2023;1;1;2;Fevereiro;20;1;Segunda-feira;8;false
2023-02-21;21/02/2023;2023;1;1;2;Fevereiro;21;2;Terca-feira;8;false
2023-02-22;22/02/2023;2023;1;1;2;Fevereiro;22;3;Quarta-feira;8;false
2023-02-23;23/02/2023;2023;1;1;2;Fevereiro;23;4;Quinta-feira;8;false
2023-02-24;24/02/2023;2023;1;1;2;Fevereiro;24;5;Sexta-feira;8;false
2023-02-25;25/02/2023;2023;1;1;2;Fevereiro;25;6;Sabado;8;true
2023-02-26;26/02/2023;2023;1;1;2;Fevereiro;26;7;Domingo;8;true
2023-02-27;27/02/2023;2023;1;1;2;Fevereiro;27;1;Segunda-feira;9;false
2023-02-28;28/02/2023;2023;1;1;2;Fevereiro;28;2;Terca-feira;9;false
2023-03-01;01/03/2023;2023;1;1;3;Marco;1;3;Quarta-feira;9;false
2023-03-02;02/03/2023;2023;1;1;3;Marco;2;4;Quinta-feira;9;false
2023-03-03;03/03/2023;2023;1;1;3;Marco;3;5;Sexta-feira;9;false
2023-03-04;04/03/2023;2023;1;1;3;Marco;4;6;Sabado;9;true
2023-03-05;05/03/2023;2023;1;1;3;Marco;5;7;Domingo;9;true
2023-03-06;06/03/2023;2023;1;1;3;Marco;6;1;Segunda-feira;10;false
2023-03-07;07/03/2023;2023;1;1;3;Marco;7;2;Terca-feira;10;false
2023-03-08;08/03/2023;2023;1;1;3;Marco;8;3;Quarta-feira;10;false
2023-03-09;09/03/2023;2023;1;1;3;Marco;9;4;Quinta-feira;10;false
2023-03-10;10/03/2023;2023;1;1;3;Marco;10;5;Sexta-feira;10;false
2023-03-11;11/03/2023;2023;1;1;3;Marco;11;6;Sabado;10;true
2023-03-12;12/03/2023;2023;1;1;3;Marco;12;7;Domingo;10;true
2023-03-13;13/03/2023;2023;1;1;3;Marco;13;1;Segunda-feira;11;false
2023-03-14;14/03/2023;2023;1;1;3;Marco;14;2;Terca-feira;11;false
2023-03-15;15/03/2023;2023;1;1;3;Marco;15;3;Quarta-feira;11;false
2023-03-16;16/03/2023;2023;1;1;3;Marco;16;4;Quinta-feira;11;false
2023-03-17;17/03/2023;2023;1;1;3;Marco;17;5;Sexta-feira;11;false
2023-03-18;18/03/2023;2023;1;1;3;Marco;18;6;Sabado;11;true
2023-03-19;19/03/2023;2023;1;1;3;Marco;19;7;Domingo;11;true
2023-03-20;20/03/2023;2023;1;1;3;Marco;20;1;Segunda-feira;12;false
2023-03-21;21/03/2023;2023;1;1;3;Marco;21;2;Terca-feira;12;false
2023-03-22;22/03/2023;2023;1;1;3;Marco;22;3;Quarta-feira;12;false
2023-03-23;23/03/2023;2023;1;1;3;Marco;23;4;Quinta-feira;12;false
2023-03-24;24/03/2023;2023;1;1;3;Marco;24;5;Sexta-feira;12;false
2023-03-25;25/03/2023;2023;1;1;3;Marco;25;6;Sabado;12;true
2023-03-26;26/03/2023;2023;1;1;3;Marco;26;7;Domingo;12;true
2023-03-27;27/03/2023;2023;1;1;3;Marco;27;1;Segunda-feira;13;false
2023-03-28;28/03/2023;2023;1;1;3;Marco;28;2;Terca-feira;13;false
2023-03-29;29/03/2023;2023;1;1;3;Marco;29;3;Quarta-feira;13;false
2023-03-30;30/03/2023;2023;1;1;3;Marco;30;4;Quinta-feira;13;false
2023-03-31;31/03/2023;2023;1;1;3;Marco;31;5;Sexta-feira;13;false
2023-04-01;01/04/2023;2023;1;2;4;Abril;1;6;Sabado;13;true
2023-04-02;02/04/2023;2023;1;2;4;Abril;2;7;Domingo;13;true
2023-04-03;03/04/2023;2023;1;2;4;Abril;3;1;Segunda-feira;14;false
2023-04-04;04/04/2023;2023;1;2;4;Abril;4;2;Terca-feira;14;false
2023-04-05;05/04/2023;2023;1;2;4;Abril;5;3;Quarta-feira;14;false
2023-04-06;06/04/2023;2023;1;2;4;Abril;6;4;Quinta-feira;14;false
2023-04-07;07/04/2023;2023;1;2;4;Abril;7;5;Sexta-feira;14;false
2023-04-08;08/04/2023;2023;1;2;4;Abril;8;6;Sabado;14;true
2023-04-09;09/04/2023;2023;1;2;4;Abril;9;7;Domingo;14;true
2023-04-10;10/04/2023;2023;1;2;4;Abril;10;1;Segunda-feira;15;false
2023-04-11;11/04/2023;2023;1;2;4;Abril;11;2;Terca-feira;15;false
2023-04-12;12/04/2023;2023;1;2;4;Abril;12;3;Quarta-feira;15;false
2023-04-13;13/04/2023;2023;1;2;4;Abril;13;4;Quinta-feira;15;false
2023-04-14;14/04/2023;2023;1;2;4;Abril;14;5;Sexta-feira;15;false
2023-04-15;15/04/2023;2023;1;2;4;Abril;15;6;Sabado;15;true
2023-04-16;16/04/2023;2023;1;2;4;Abril;16;7;Domingo;15;true
2023-04-17;17/04/2023;2023;1;2;4;Abril;17;1;Segunda-feira;16;false
2023-04-18;18/04/2023;2023;1;2;4;Abril;18;2;Terca-feira;16;false
2023-04-19;19/04/2023;2023;1;2;4;Abril;19;3;Quarta-feira;16;false
2023-04-20;20/04/2023;2023;1;2;4;Abril;20;4;Quinta-feira;16;false
2023-04-21;21/04/2023;2023;1;2;4;Abril;21;5;Sexta-feira;16;false
2023-04-22;22/04/2023;2023;1;2;4;Abril;22;6;Sabado;16;true
2023-04-23;23/04/2023;2023;1;2;4;Abril;23;7;Domingo;16;true
2023-04-24;24/04/2023;2023;1;2;4;Abril;24;1;Segunda-feira;17;false
2023-04-25;25/04/2023;2023;1;2;4;Abril;25;2;Terca-feira;17;false
2023-04-26;26/04/2023;2023;1;2;4;Abril;26;3;Quarta-feira;17;false
2023-04-27;27/04/2023;2023;1;2;4;Abril;27;4;Quinta-feira;17;false
2023-04-28;28/04/2023;2023;1;2;4;Abril;28;5;Sexta-feira;17;false
2023-04-29;29/04/2023;2023;1;2;4;Abril;29;6;Sabado;17;true
2023-04-30;30/04/2023;2023;1;2;4;Abril;30;7;Domingo;17;true
2023-05-01;01/05/2023;2023;1;2;5;Maio;1;1;Segunda-feira;18;false
2023-05-02;02/05/2023;2023;1;2;5;Maio;2;2;Terca-feira;18;false
2023-05-03;03/05/2023;2023;1;2;5;Maio;3;3;Quarta-feira;18;false
2023-05-04;04/05/2023;2023;1;2;5;Maio;4;4;Quinta-feira;18;false
2023-05-05;05/05/2023;2023;1;2;5;Maio;5;5;Sexta-feira;18;false
2023-05-06;06/05/2023;2023;1;2;5;Maio;6;6;Sabado;18;true
2023-05-07;07/05/2023;2023;1;2;5;Maio;7;7;Domingo;18;true
2023-05-08;08/05/2023;2023;1;2;5;Maio;8;1;Segunda-feira;19;false
2023-05-09;09/05/2023;2023;1;2;5;Maio;9;2;Terca-feira;19;false
2023-05-10;10/05/2023;2023;1;2;5;Maio;10;3;Quarta-feira;19;false
2023-05-11;11/05/2023;2023;1;2;5;Maio;11;4;Quinta-feira;19;false
2023-05-12;12/05/2023;2023;1;2;5;Maio;12;5;Sexta-feira;19;false
2023-05-13;13/05/2023;2023;1;2;5;Maio;13;6;Sabado;19;true
2023-05-14;14/05/2023;2023;1;2;5;Maio;14;7;Domingo;19;true
2023-05-15;15/05/2023;2023;1;2;5;Maio;15;1;Segunda-feira;20;false
2023-05-16;16/05/2023;2023;1;2;5;Maio;16;2;Terca-feira;20;false
2023-05-17;17/05/2023;2023;1;2;5;Maio;17;3;Quarta-feira;20;false
2023-05-18;18/05/2023;2023;1;2;5;Maio;18;4;Quinta-feira;20;false
2023-05-19;19/05/2023;2023;1;2;5;Maio;19;5;Sexta-feira;20;false
2023-05-20;20/05/2023;2023;1;2;5;Maio;20;6;Sabado;20;true
2023-05-21;21/05/2023;2023;1;2;5;Maio;21;7;Domingo;20;true
2023-05-22;22/05/2023;2023;1;2;5;Maio;22;1;Segunda-feira;21;false
2023-05-23;23/05/2023;2023;1;2;5;Maio;23;2;Terca-feira;21;false
2023-05-24;24/05/2023;2023;1;2;5;Maio;24;3;Quarta-feira;21;false
2023-05-25;25/05/2023;2023;1;2;5;Maio;25;4;Quinta-feira;21;false
2023-05-26;26/05/2023;2023;1;2;5;Maio;26;5;Sexta-feira;21;false
2023-05-27;27/05/2023;2023;1;2;5;Maio;27;6;Sabado;21;true
2023-05-28;28/05/2023;2023;1;2;5;Maio;28;7;Domingo;21;true
2023-05-29;29/05/2023;2023;1;2;5;Maio;29;1;Segunda-feira;22;false
2023-05-30;30/05/2023;2023;1;2;5;Maio;30;2;Terca-feira;22;false
2023-05-31;31/05/2023;2023;1;2;5;Maio;31;3;Quarta-feira;22;false
2023-06-01;01/06/2023;2023;1;2;6;Junho;1;4;Quinta-feira;22;false
2023-06-02;02/06/2023;2023;1;2;6;Junho;2;5;Sexta-feira;22;false
2023-06-03;03/06/2023;2023;1;2;6;Junho;3;6;Sabado;22;true
2023-06-04;04/06/2023;2023;1;2;6;Junho;4;7;Domingo;22;true
2023-06-05;05/06/2023;2023;1;2;6;Junho;5;1;Segunda-feira;23;false
2023-06-06;06/06/2023;2023;1;2;6;Junho;6;2;Terca-feira;23;false
2023-06-07;07/06/2023;2023;1;2;6;Junho;7;3;Quarta-feira;23;false
2023-06-08;08/06/2023;2023;1;2;6;Junho;8;4;Quinta-feira;23;false
2023-06-09;09/06/2023;2023;1;2;6;Junho;9;5;Sexta-feira;23;false
2023-06-10;10/06/2023;2023;1;2;6;Junho;10;6;Sabado;23;true
2023-06-11;11/06/2023;2023;1;2;6;Junho;11;7;Domingo;23;true
2023-06-12;12/06/2023;2023;1;2;6;Junho;12;1;Segunda-feira;24;false
2023-06-13;13/06/2023;2023;1;2;6;Junho;13;2;Terca-feira;24;false
2023-06-14;14/06/2023;2023;1;2;6;Junho;14;3;Quarta-feira;24;false
2023-06-15;15/06/2023;2023;1;2;6;Junho;15;4;Quinta-feira;24;false
2023-06-16;16/06/2023;2023;1;2;6;Junho;16;5;Sexta-feira;24;false
2023-06-17;17/06/2023;2023;1;2;6;Junho;17;6;Sabado;24;true
2023-06-18;18/06/2023;2023;1;2;6;Junho;18;7;Domingo;24;true
2023-06-19;19/06/2023;2023;1;2;6;Junho;19;1;Segunda-feira;25;false
2023-06-20;20/06/2023;2023;1;2;6;Junho;20;2;Terca-feira;25;false
2023-06-21;21/06/2023;2023;1;2;6;Junho;21;3;Quarta-feira;25;false
2023-06-22;22/06/2023;2023;1;2;6;Junho;22;4;Quinta-feira;25;false
2023-06-23;23/06/2023;2023;1;2;6;Junho;23;5;Sexta-feira;25;false
2023-06-24;24/06/2023;2023;1;2;6;Junho;24;6;Sabado;25;true
2023-06-25;25/06/2023;2023;1;2;6;Junho;25;7;Domingo;25;true
2023-06-26;26/06/2023;2023;1;2;6;Junho;26;1;Segunda-feira;26;false
2023-06-27;27/06/2023;2023;1;2;6;Junho;27;2;Terca-feira;26;false
2023-06-28;28/06/2023;2023;1;2;6;Junho;28;3;Quarta-feira;26;false
2023-06-29;29/06/2023;2023;1;2;6;Junho;29;4;Quinta-feira;26;false
2023-06-30;30/06/2023;2023;1;2;6;Junho;30;5;Sexta-feira;26;false
2023-07-01;01/07/2023;2023;2;3;7;Julho;1;6;Sabado;26;true
2023-07-02;02/07/2023;2023;2;3;7;Julho;2;7;Domingo;26;true
2023-07-03;03/07/2023;2023;2;3;7;Julho;3;1;Segunda-feira;27;false
2023-07-04;04/07/2023;2023;2;3;7;Julho;4;2;Terca-feira;27;false
2023-07-05;05/07/2023;2023;2;3;7;Julho;5;3;Quarta-feira;27;false
2023-07-06;06/07/2023;2023;2;3;7;Julho;6;4;Quinta-feira;27;false
2023-07-07;07/07/2023;2023;2;3;7;Julho;7;5;Sexta-feira;27;false
2023-07-08;08/07/2023;2023;2;3;7;Julho;8;6;Sabado;27;true
2023-07-09;09/07/2023;2023;2;3;7;Julho;9;7;Domingo;27;true
2023-07-10;10/07/2023;2023;2;3;7;Julho;10;1;Segunda-feira;28;false
2023-07-11;11/07/2023;2023;2;3;7;Julho;11;2;Terca-feira;28;false
2023-07-12;12/07/2023;2023;2;3;7;Julho;12;3;Quarta-feira;28;false
2023-07-13;13/07/2023;2023;2;3;7;Julho;13;4;Quinta-feira;28;false
2023-07-14;14/07/2023;2023;2;3;7;Julho;14;5;Sexta-feira;28;false
2023-07-15;15/07/2023;2023;2;3;7;Julho;15;6;Sabado;28;true
2023-07-16;16/07/2023;2023;2;3;7;Julho;16;7;Domingo;28;true
2023-07-17;17/07/2023;2023;2;3;7;Julho;17;1;Segunda-feira;29;false
2023-07-18;18/07/2023;2023;2;3;7;Julho;18;2;Terca-feira;29;false
2023-07-19;19/07/2023;2023;2;3;7;Julho;19;3;Quarta-feira;29;false
2023-07-20;20/07/2023;2023;2;3;7;Julho;20;4;Quinta-feira;29;false
2023-07-21;21/07/2023;2023;2;3;7;Julho;21;5;Sexta-feira;29;false
2023-07-22;22/07/2023;2023;2;3;7;Julho;22;6;Sabado;29;true
2023-07-23;23/07/2023;2023;2;3;7;Julho;23;7;Domingo;29;true
2023-07-24;24/07/2023;2023;2;3;7;Julho;24;1;Segunda-feira;30;false
2023-07-25;25/07/2023;2023;2;3;7;Julho;25;2;Terca-feira;30;false
2023-07-26;26/07/2023;2023;2;3;7;Julho;26;3;Quarta-feira;30;false
2023-07-27;27/07/2023;2023;2;3;7;Julho;27;4;Quinta-feira;30;false
2023-07-28;28/07/2023;2023;2;3;7;Julho;28;5;Sexta-feira;30;false
2023-07-29;29/07/2023;2023;2;3;7;Julho;29;6;Sabado;30;true
2023-07-30;30/07/2023;2023;2;3;7;Julho;30;7;Domingo;30;true
2023-07-31;31/07/2023;2023;2;3;7;Julho;31;1;Segunda-feira;31;false
2023-08-01;01/08/2023;2023;2;3;8;Agosto;1;2;Terca-feira;31;false
2023-08-02;02/08/2023;2023;2;3;8;Agosto;2;3;Quarta-feira;31;false
2023-08-03;03/08/2023;2023;2;3;8;Agosto;3;4;Quinta-feira;31;false
2023-08-04;04/08/2023;2023;2;3;8;Agosto;4;5;Sexta-feira;31;false
2023-08-05;05/08/2023;2023;2;3;8;Agosto;5;6;Sabado;31;true
2023-08-06;06/08/2023;2023;2;3;8;Agosto;6;7;Domingo;31;true
2023-08-07;07/08/2023;2023;2;3;8;Agosto;7;1;Segunda-feira;32;false
2023-08-08;08/08/2023;2023;2;3;8;Agosto;8;2;Terca-feira;32;false
2023-08-09;09/08/2023;2023;2;3;8;Agosto;9;3;Quarta-feira;32;false
2023-08-10;10/08/2023;2023;2;3;8;Agosto;10;4;Quinta-feira;32;false
2023-08-11;11/08/2023;2023;2;3;8;Agosto;11;5;Sexta-feira;32;false
2023-08-12;12/08/2023;2023;2;3;8;Agosto;12;6;Sabado;32;true
2023-08-13;13/08/2023;2023;2;3;8;Agosto;13;7;Domingo;32;true
2023-08-14;14/08/2023;2023;2;3;8;Agosto;14;1;Segunda-feira;33;false
2023-08-15;15/08/2023;2023;2;3;8;Agosto;15;2;Terca-feira;33;false
2023-08-16;16/08/2023;2023;2;3;8;Agosto;16;3;Quarta-feira;33;false
2023-08-17;17/08/2023;2023;2;3;8;Agosto;17;4;Quinta-feira;33;false
2023-08-18;18/08/2023;2023;2;3;8;Agosto;18;5;Sexta-feira;33;false
2023-08-19;19/08/2023;2023;2;3;8;Agosto;19;6;Sabado;33;true
2023-08-20;20/08/2023;2023;2;3;8;Agosto;20;7;Domingo;33;true
2023-08-21;21/08/2023;2023;2;3;8;Agosto;21;1;Segunda-feira;34;false
2023-08-22;22/08/2023;2023;2;3;8;Agosto;22;2;Terca-feira;34;false
2023-08-23;23/08/2023;2023;2;3;8;Agosto;23;3;Quarta-feira;34;false
2023-08-24;24/08/2023;2023;2;3;8;Agosto;24;4;Quinta-feira;34;false
2023-08-25;25/08/2023;2023;2;3;8;Agosto;25;5;Sexta-feira;34;false
2023-08-26;26/08/2023;2023;2;3;8;Agosto;26;6;Sabado;34;true
2023-08-27;27/08/2023;2023;2;3;8;Agosto;27;7;Domingo;34;true
2023-08-28;28/08/2023;2023;2;3;8;Agosto;28;1;Segunda-feira;35;false
2023-08-29;29/08/2023;2023;2;3;8;Agosto;29;2;Terca-feira;35;false
2023-08-30;30/08/2023;2023;2;3;8;Agosto;30;3;Quarta-feira;35;false
2023-08-31;31/08/2023;2023;2;3;8;Agosto;31;4;Quinta-feira;35;false
2023-09-01;01/09/2023;2023;2;3;9;Setembro;1;5;Sexta-feira;35;false
2023-09-02;02/09/2023;2023;2;3;9;Setembro;2;6;Sabado;35;true
2023-09-03;03/09/2023;2023;2;3;9;Setembro;3;7;Domingo;35;true
2023-09-04;04/09/2023;2023;2;3;9;Setembro;4;1;Segunda-feira;36;false
2023-09-05;05/09/2023;2023;2;3;9;Setembro;5;2;Terca-feira;36;false
2023-09-06;06/09/2023;2023;2;3;9;Setembro;6;3;Quarta-feira;36;false
2023-09-07;07/09/2023;2023;2;3;9;Setembro;7;4;Quinta-feira;36;false
2023-09-08;08/09/2023;2023;2;3;9;Setembro;8;5;Sexta-feira;36;false
2023-09-09;09/09/2023;2023;2;3;9;Setembro;9;6;Sabado;36;true
2023-09-10;10/09/2023;2023;2;3;9;Setembro;10;7;Domingo;36;true
2023-09-11;11/09/2023;2023;2;3;9;Setembro;11;1;Segunda-feira;37;false
2023-09-12;12/09/2023;2023;2;3;9;Setembro;12;2;Terca-feira;37;false
2023-09-13;13/09/2023;2023;2;3;9;Setembro;13;3;Quarta-feira;37;false
2023-09-14;14/09/2023;2023;2;3;9;Setembro;14;4;Quinta-feira;37;false
2023-09-15;15/09/2023;2023;2;3;9;Setembro;15;5;Sexta-feira;37;false
2023-09-16;16/09/2023;2023;2;3;9;Setembro;16;6;Sabado;37;true
2023-09-17;17/09/2023;2023;2;3;9;Setembro;17;7;Domingo;37;true
2023-09-18;18/09/2023;2023;2;3;9;Setembro;18;1;Segunda-feira;38;false
2023-09-19;19/09/2023;2023;2;3;9;Setembro;19;2;Terca-feira;38;false
2023-09-20;20/09/2023;2023;2;3;9;Setembro;20;3;Quarta-feira;38;false
2023-09-21;21/09/2023;2023;2;3;9;Setembro;21;4;Quinta-feira;38;false
2023-09-22;22/09/2023;2023;2;3;9;Setembro;22;5;Sexta-feira;38;false
2023-09-23;23/09/2023;2023;2;3;9;Setembro;23;6;Sabado;38;true
2023-09-24;24/09/2023;2023;2;3;9;Setembro;24;7;Domingo;38;true
2023-09-25;25/09/2023;2023;2;3;9;Setembro;25;1;Segunda-feira;39;false
2023-09-26;26/09/2023;2023;2;3;9;Setembro;26;2;Terca-feira;39;false
2023-09-27;27/09/2023;2023;2;3;9;Setembro;27;3;Quarta-feira;39;false
2023-09-28;28/09/2023;2023;2;3;9;Setembro;28;4;Quinta-feira;39;false
2023-09-29;29/09/2023;2023;2;3;9;Setembro;29;5;Sexta-feira;39;false
2023-09-30;30/09/2023;2023;2;3;9;Setembro;30;6;Sabado;39;true
2023-10-01;01/10/2023;2023;2;4;10;Outubro;1;7;Domingo;39;true
2023-10-02;02/10/2023;2023;2;4;10;Outubro;2;1;Segunda-feira;40;false
2023-10-03;03/10/2023;2023;2;4;10;Outubro;3;2;Terca-feira;40;false
2023-10-04;04/10/2023;2023;2;4;10;Outubro;4;3;Quarta-feira;40;false
2023-10-05;05/10/2023;2023;2;4;10;Outubro;5;4;Quinta-feira;40;false
2023-10-06;06/10/2023;2023;2;4;10;Outubro;6;5;Sexta-feira;40;false
2023-10-07;07/10/2023;2023;2;4;10;Outubro;7;6;Sabado;40;true
2023-10-08;08/10/2023;2023;2;4;10;Outubro;8;7;Domingo;40;true
2023-10-09;09/10/2023;2023;2;4;10;Outubro;9;1;Segunda-feira;41;false
2023-10-10;10/10/2023;2023;2;4;10;Outubro;10;2;Terca-feira;41;false
2023-10-11;11/10/2023;2023;2;4;10;Outubro;11;3;Quarta-feira;41;false
2023-10-12;12/10/2023;2023;2;4;10;Outubro;12;4;Quinta-feira;41;false
2023-10-13;13/10/2023;2023;2;4;10;Outubro;13;5;Sexta-feira;41;false
2023-10-14;14/10/2023;2023;2;4;10;Outubro;14;6;Sabado;41;true
2023-10-15;15/10/2023;2023;2;4;10;Outubro;15;7;Domingo;41;true
2023-10-16;16/10/2023;2023;2;4;10;Outubro;16;1;Segunda-feira;42;false
2023-10-17;17/10/2023;2023;2;4;10;Outubro;17;2;Terca-feira;42;false
2023-10-18;18/10/2023;2023;2;4;10;Outubro;18;3;Quarta-feira;42;false
2023-10-19;19/10/2023;2023;2;4;10;Outubro;19;4;Quinta-feira;42;false
2023-10-20;20/10/2023;2023;2;4;10;Outubro;20;5;Sexta-feira;42;false
2023-10-21;21/10/2023;2023;2;4;10;Outubro;21;6;Sabado;42;true
2023-10-22;22/10/2023;2023;2;4;10;Outubro;22;7;Domingo;42;true
2023-10-23;23/10/2023;2023;2;4;10;Outubro;23;1;Segunda-feira;43;false
2023-10-24;24/10/2023;2023;2;4;10;Outubro;24;2;Terca-feira;43;false
2023-10-25;25/10/2023;2023;2;4;10;Outubro;25;3;Quarta-feira;43;false
2023-10-26;26/10/2023;2023;2;4;10;Outubro;26;4;Quinta-feira;43;false
2023-10-27;27/10/2023;2023;2;4;10;Outubro;27;5;Sexta-feira;43;false
2023-10-28;28/10/2023;2023;2;4;10;Outubro;28;6;Sabado;43;true
2023-10-29;29/10/2023;2023;2;4;10;Outubro;29;7;Domingo;43;true
2023-10-30;30/10/2023;2023;2;4;10;Outubro;30;1;Segunda-feira;44;false
2023-10-31;31/10/2023;2023;2;4;10;Outubro;31;2;Terca-feira;44;false
2023-11-01;01/11/2023;2023;2;4;11;Novembro;1;3;Quarta-feira;44;false
2023-11-02;02/11/2023;2023;2;4;11;Novembro;2;4;Quinta-feira;44;false
2023-11-03;03/11/2023;2023;2;4;11;Novembro;3;5;Sexta-feira;44;false
2023-11-04;04/11/2023;2023;2;4;11;Novembro;4;6;Sabado;44;true
2023-11-05;05/11/2023;2023;2;4;11;Novembro;5;7;Domingo;44;true
2023-11-06;06/11/2023;2023;2;4;11;Novembro;6;1;Segunda-feira;45;false
2023-11-07;07/11/2023;2023;2;4;11;Novembro;7;2;Terca-feira;45;false
2023-11-08;08/11/2023;2023;2;4;11;Novembro;8;3;Quarta-feira;45;false
2023-11-09;09/11/2023;2023;2;4;11;Novembro;9;4;Quinta-feira;45;false
2023-11-10;10/11/2023;2023;2;4;11;Novembro;10;5;Sexta-feira;45;false
2023-11-11;11/11/2023;2023;2;4;11;Novembro;11;6;Sabado;45;true
2023-11-12;12/11/2023;2023;2;4;11;Novembro;12;7;Domingo;45;true
2023-11-13;13/11/2023;2023;2;4;11;Novembro;13;1;Segunda-feira;46;false
2023-11-14;14/11/2023;2023;2;4;11;Novembro;14;2;Terca-feira;46;false
2023-11-15;15/11/2023;2023;2;4;11;Novembro;15;3;Quarta-feira;46;false
2023-11-16;16/11/2023;2023;2;4;11;Novembro;16;4;Quinta-feira;46;false
2023-11-17;17/11/2023;2023;2;4;11;Novembro;17;5;Sexta-feira;46;false
2023-11-18;18/11/2023;2023;2;4;11;Novembro;18;6;Sabado;46;true
2023-11-19;19/11/2023;2023;2;4;11;Novembro;19;7;Domingo;46;true
2023-11-20;20/11/2023;2023;2;4;11;Novembro;20;1;Segunda-feira;47;false
2023-11-21;21/11/2023;2023;2;4;11;Novembro;21;2;Terca-feira;47;false
2023-11-22;22/11/2023;2023;2;4;11;Novembro;22;3;Quarta-feira;47;false
2023-11-23;23/11/2023;2023;2;4;11;Novembro;23;4;Quinta-feira;47;false
2023-11-24;24/11/2023;2023;2;4;11;Novembro;24;5;Sexta-feira;47;false
2023-11-25;25/11/2023;2023;2;4;11;Novembro;25;6;Sabado;47;true
2023-11-26;26/11/2023;2023;2;4;11;Novembro;26;7;Domingo;47;true
2023-11-27;27/11/2023;2023;2;4;11;Novembro;27;1;Segunda-feira;48;false
2023-11-28;28/11/2023;2023;2;4;11;Novembro;28;2;Terca-feira;48;false
2023-11-29;29/11/2023;2023;2;4;11;Novembro;29;3;Quarta-feira;48;false
2023-11-30;30/11/2023;2023;2;4;11;Novembro;30;4;Quinta-feira;48;false
2023-12-01;01/12/2023;2023;2;4;12;Dezembro;1;5;Sexta-feira;48;false
2023-12-02;02/12/2023;2023;2;4;12;Dezembro;2;6;Sabado;48;true
2023-12-03;03/12/2023;2023;2;4;12;Dezembro;3;7;Domingo;48;true
2023-12-04;04/12/2023;2023;2;4;12;Dezembro;4;1;Segunda-feira;49;false
2023-12-05;05/12/2023;2023;2;4;12;Dezembro;5;2;Terca-feira;49;false
2023-12-06;06/12/2023;2023;2;4;12;Dezembro;6;3;Quarta-feira;49;false
2023-12-07;07/12/2023;2023;2;4;12;Dezembro;7;4;Quinta-feira;49;false
2023-12-08;08/12/2023;2023;2;4;12;Dezembro;8;5;Sexta-feira;49;false
2023-12-09;09/12/2023;2023;2;4;12;Dezembro;9;6;Sabado;49;true
2023-12-10;10/12/2023;2023;2;4;12;Dezembro;10;7;Domingo;49;true
2023-12-11;11/12/2023;2023;2;4;12;Dezembro;11;1;Segunda-feira;50;false
2023-12-12;12/12/2023;2023;2;4;12;Dezembro;12;2;Terca-feira;50;false
2023-12-13;13/12/2023;2023;2;4;12;Dezembro;13;3;Quarta-feira;50;false
2023-12-14;14/12/2023;2023;2;4;12;Dezembro;14;4;Quinta-feira;50;false
2023-12-15;15/12/2023;2023;2;4;12;Dezembro;15;5;Sexta-feira;50;false
2023-12-16;16/12/2023;2023;2;4;12;Dezembro;16;6;Sabado;50;true
2023-12-17;17/12/2023;2023;2;4;12;Dezembro;17;7;Domingo;50;true
2023-12-18;18/12/2023;2023;2;4;12;Dezembro;18;1;Segunda-feira;51;false
2023-12-19;19/12/2023;2023;2;4;12;Dezembro;19;2;Terca-feira;51;false
2023-12-20;20/12/2023;2023;2;4;12;Dezembro;20;3;Quarta-feira;51;false
2023-12-21;21/12/2023;2023;2;4;12;Dezembro;21;4;Quinta-feira;51;false
2023-12-22;22/12/2023;2023;2;4;12;Dezembro;22;5;Sexta-feira;51;false
2023-12-23;23/12/2023;2023;2;4;12;Dezembro;23;6;Sabado;51;true
2023-12-24;24/12/2023;2023;2;4;12;Dezembro;24;7;Domingo;51;true
2023-12-25;25/12/2023;2023;2;4;12;Dezembro;25;1;Segunda-feira;52;false
2023-12-26;26/12/2023;2023;2;4;12;Dezembro;26;2;Terca-feira;52;false
2023-12-27;27/12/2023;2023;2;4;12;Dezembro;27;3;Quarta-feira;52;false
2023-12-28;28/12/2023;2023;2;4;12;Dezembro;28;4;Quinta-feira;52;false
2023-12-29;29/12/2023;2023;2;4;12;Dezembro;29;5;Sexta-feira;52;false
2023-12-30;30/12/2023;2023;2;4;12;Dezembro;30;6;Sabado;52;true
2023-12-31;31/12/2023;2023;2;4;12;Dezembro;31;7;Domingo;52;true
2024-01-01;01/01/2024;2024;1;1;1;Janeiro;1;1;Segunda-feira;1;false
2024-01-02;02/01/2024;2024;1;1;1;Janeiro;2;2;Terca-feira;1;false
2024-01-03;03/01/2024;2024;1;1;1;Janeiro;3;3;Quarta-feira;1;false
2024-01-04;04/01/2024;2024;1;1;1;Janeiro;4;4;Quinta-feira;1;false
2024-01-05;05/01/2024;2024;1;1;1;Janeiro;5;5;Sexta-feira;1;false
2024-01-06;06/01/2024;2024;1;1;1;Janeiro;6;6;Sabado;1;true
2024-01-07;07/01/2024;2024;1;1;1;Janeiro;7;7;Domingo;1;true
2024-01-08;08/01/2024;2024;1;1;1;Janeiro;8;1;Segunda-feira;2;false
2024-01-09;09/01/2024;2024;1;1;1;Janeiro;9;2;Terca-feira;2;false
2024-01-10;10/01/2024;2024;1;1;1;Janeiro;10;3;Quarta-feira;2;false
2024-01-11;11/01/2024;2024;1;1;1;Janeiro;11;4;Quinta-feira;2;false
2024-01-12;12/01/2024;2024;1;1;1;Janeiro;12;5;Sexta-feira;2;false
2024-01-13;13/01/2024;2024;1;1;1;Janeiro;13;6;Sabado;2;true
2024-01-14;14/01/2024;2024;1;1;1;Janeiro;14;7;Domingo;2;true
2024-01-15;15/01/2024;2024;1;1;1;Janeiro;15;1;Segunda-feira;3;false
2024-01-16;16/01/2024;2024;1;1;1;Janeiro;16;2;Terca-feira;3;false
2024-01-17;17/01/2024;2024;1;1;1;Janeiro;17;3;Quarta-feira;3;false
2024-01-18;18/01/2024;2024;1;1;1;Janeiro;18;4;Quinta-feira;3;false
2024-01-19;19/01/2024;2024;1;1;1;Janeiro;19;5;Sexta-feira;3;false
2024-01-20;20/01/2024;2024;1;1;1;Janeiro;20;6;Sabado;3;true
2024-01-21;21/01/2024;2024;1;1;1;Janeiro;21;7;Domingo;3;true
2024-01-22;22/01/2024;2024;1;1;1;Janeiro;22;1;Segunda-feira;4;false
2024-01-23;23/01/2024;2024;1;1;1;Janeiro;23;2;Terca-feira;4;false
2024-01-24;24/01/2024;2024;1;1;1;Janeiro;24;3;Quarta-feira;4;false
2024-01-25;25/01/2024;2024;1;1;1;Janeiro;25;4;Quinta-feira;4;false
2024-01-26;26/01/2024;2024;1;1;1;Janeiro;26;5;Sexta-feira;4;false
2024-01-27;27/01/2024;2024;1;1;1;Janeiro;27;6;Sabado;4;true
2024-01-28;28/01/2024;2024;1;1;1;Janeiro;28;7;Domingo;4;true
2024-01-29;29/01/2024;2024;1;1;1;Janeiro;29;1;Segunda-feira;5;false
2024-01-30;30/01/2024;2024;1;1;1;Janeiro;30;2;Terca-feira;5;false
2024-01-31;31/01/2024;2024;1;1;1;Janeiro;31;3;Quarta-feira;5;false
2024-02-01;01/02/2024;2024;1;1;2;Fevereiro;1;4;Quinta-feira;5;false
2024-02-02;02/02/2024;2024;1;1;2;Fevereiro;2;5;Sexta-feira;5;false
2024-02-03;03/02/2024;2024;1;1;2;Fevereiro;3;6;Sabado;5;true
2024-02-04;04/02/2024;2024;1;1;2;Fevereiro;4;7;Domingo;5;true
2024-02-05;05/02/2024;2024;1;1;2;Fevereiro;5;1;Segunda-feira;6;false
2024-02-06;06/02/2024;2024;1;1;2;Fevereiro;6;2;Terca-feira;6;false
2024-02-07;07/02/2024;2024;1;1;2;Fevereiro;7;3;Quarta-feira;6;false
2024-02-08;08/02/2024;2024;1;1;2;Fevereiro;8;4;Quinta-feira;6;false
2024-02-09;09/02/2024;2024;1;1;2;Fevereiro;9;5;Sexta-feira;6;false
2024-02-10;10/02/2024;2024;1;1;2;Fevereiro;10;6;Sabado;6;true
2024-02-11;11/02/2024;2024;1;1;2;Fevereiro;11;7;Domingo;6;true
2024-02-12;12/02/2024;2024;1;1;2;Fevereiro;12;1;Segunda-feira;7;false
2024-02-13;13/02/2024;2024;1;1;2;Fevereiro;13;2;Terca-feira;7;false
2024-02-14;14/02/2024;2024;1;1;2;Fevereiro;14;3;Quarta-feira;7;false
2024-02-15;15/02/2024;2024;1;1;2;Fevereiro;15;4;Quinta-feira;7;false
2024-02-16;16/02/2024;2024;1;1;2;Fevereiro;16;5;Sexta-feira;7;false
2024-02-17;17/02/2024;2024;1;1;2;Fevereiro;17;6;Sabado;7;true
2024-02-18;18/02/2024;2024;1;1;2;Fevereiro;18;7;Domingo;7;true
2024-02-19;19/02/2024;2024;1;1;2;Fevereiro;19;1;Segunda-feira;8;false
2024-02-20;20/02/2024;2024;1;1;2;Fevereiro;20;2;Terca-feira;8;false
2024-02-21;21/02/2024;2024;1;1;2;Fevereiro;21;3;Quarta-feira;8;false
2024-02-22;22/02/2024;2024;1;1;2;Fevereiro;22;4;Quinta-feira;8;false
2024-02-23;23/02/2024;2024;1;1;2;Fevereiro;23;5;Sexta-feira;8;false
2024-02-24;24/02/2024;2024;1;1;2;Fevereiro;24;6;Sabado;8;true
2024-02-25;25/02/2024;2024;1;1;2;Fevereiro;25;7;Domingo;8;true
2024-02-26;26/02/2024;2024;1;1;2;Fevereiro;26;1;Segunda-feira;9;false
2024-02-27;27/02/2024;2024;1;1;2;Fevereiro;27;2;Terca-feira;9;false
2024-02-28;28/02/2024;2024;1;1;2;Fevereiro;28;3;Quarta-feira;9;false
2024-02-29;29/02/2024;2024;1;1;2;Fevereiro;29;4;Quinta-feira;9;false
2024-03-01;01/03/2024;2024;1;1;3;Marco;1;5;Sexta-feira;9;false
2024-03-02;02/03/2024;2024;1;1;3;Marco;2;6;Sabado;9;true
2024-03-03;03/03/2024;2024;1;1;3;Marco;3;7;Domingo;9;true
2024-03-04;04/03/2024;2024;1;1;3;Marco;4;1;Segunda-feira;10;false
2024-03-05;05/03/2024;2024;1;1;3;Marco;5;2;Terca-feira;10;false
2024-03-06;06/03/2024;2024;1;1;3;Marco;6;3;Quarta-feira;10;false
2024-03-07;07/03/2024;2024;1;1;3;Marco;7;4;Quinta-feira;10;false
2024-03-08;08/03/2024;2024;1;1;3;Marco;8;5;Sexta-feira;10;false
2024-03-09;09/03/2024;2024;1;1;3;Marco;9;6;Sabado;10;true
2024-03-10;10/03/2024;2024;1;1;3;Marco;10;7;Domingo;10;true
2024-03-11;11/03/2024;2024;1;1;3;Marco;11;1;Segunda-feira;11;false
2024-03-12;12/03/2024;2024;1;1;3;Marco;12;2;Terca-feira;11;false
2024-03-13;13/03/2024;2024;1;1;3;Marco;13;3;Quarta-feira;11;false
2024-03-14;14/03/2024;2024;1;1;3;Marco;14;4;Quinta-feira;11;false
2024-03-15;15/03/2024;2024;1;1;3;Marco;15;5;Sexta-feira;11;false
2024-03-16;16/03/2024;2024;1;1;3;Marco;16;6;Sabado;11;true
2024-03-17;17/03/2024;2024;1;1;3;Marco;17;7;Domingo;11;true
2024-03-18;18/03/2024;2024;1;1;3;Marco;18;1;Segunda-feira;12;false
2024-03-19;19/03/2024;2024;1;1;3;Marco;19;2;Terca-feira;12;false
2024-03-20;20/03/2024;2024;1;1;3;Marco;20;3;Quarta-feira;12;false
2024-03-21;21/03/2024;2024;1;1;3;Marco;21;4;Quinta-feira;12;false
2024-03-22;22/03/2024;2024;1;1;3;Marco;22;5;Sexta-feira;12;false
2024-03-23;23/03/2024;2024;1;1;3;Marco;23;6;Sabado;12;true
2024-03-24;24/03/2024;2024;1;1;3;Marco;24;7;Domingo;12;true
2024-03-25;25/03/2024;2024;1;1;3;Marco;25;1;Segunda-feira;13;false
2024-03-26;26/03/2024;2024;1;1;3;Marco;26;2;Terca-feira;13;false
2024-03-27;27/03/2024;2024;1;1;3;Marco;27;3;Quarta-feira;13;false
2024-03-28;28/03/2024;2024;1;1;3;Marco;28;4;Quinta-feira;13;false
2024-03-29;29/03/2024;2024;1;1;3;Marco;29;5;Sexta-feira;13;false
2024-03-30;30/03/2024;2024;1;1;3;Marco;30;6;Sabado;13;true
2024-03-31;31/03/2024;2024;1;1;3;Marco;31;7;Domingo;13;true
2024-04-01;01/04/2024;2024;1;2;4;Abril;1;1;Segunda-feira;14;false
2024-04-02;02/04/2024;2024;1;2;4;Abril;2;2;Terca-feira;14;false
2024-04-03;03/04/2024;2024;1;2;4;Abril;3;3;Quarta-feira;14;false
2024-04-04;04/04/2024;2024;1;2;4;Abril;4;4;Quinta-feira;14;false
2024-04-05;05/04/2024;2024;1;2;4;Abril;5;5;Sexta-feira;14;false
2024-04-06;06/04/2024;2024;1;2;4;Abril;6;6;Sabado;14;true
2024-04-07;07/04/2024;2024;1;2;4;Abril;7;7;Domingo;14;true
2024-04-08;08/04/2024;2024;1;2;4;Abril;8;1;Segunda-feira;15;false
2024-04-09;09/04/2024;2024;1;2;4;Abril;9;2;Terca-feira;15;false
2024-04-10;10/04/2024;2024;1;2;4;Abril;10;3;Quarta-feira;15;false
2024-04-11;11/04/2024;2024;1;2;4;Abril;11;4;Quinta-feira;15;false
2024-04-12;12/04/2024;2024;1;2;4;Abril;12;5;Sexta-feira;15;false
2024-04-13;13/04/2024;2024;1;2;4;Abril;13;6;Sabado;15;true
2024-04-14;14/04/2024;2024;1;2;4;Abril;14;7;Domingo;15;true
2024-04-15;15/04/2024;2024;1;2;4;Abril;15;1;Segunda-feira;16;false
2024-04-16;16/04/2024;2024;1;2;4;Abril;16;2;Terca-feira;16;false
2024-04-17;17/04/2024;2024;1;2;4;Abril;17;3;Quarta-feira;16;false
2024-04-18;18/04/2024;2024;1;2;4;Abril;18;4;Quinta-feira;16;false
2024-04-19;19/04/2024;2024;1;2;4;Abril;19;5;Sexta-feira;16;false
2024-04-20;20/04/2024;2024;1;2;4;Abril;20;6;Sabado;16;true
2024-04-21;21/04/2024;2024;1;2;4;Abril;21;7;Domingo;16;true
2024-04-22;22/04/2024;2024;1;2;4;Abril;22;1;Segunda-feira;17;false
2024-04-23;23/04/2024;2024;1;2;4;Abril;23;2;Terca-feira;17;false
2024-04-24;24/04/2024;2024;1;2;4;Abril;24;3;Quarta-feira;17;false
2024-04-25;25/04/2024;2024;1;2;4;Abril;25;4;Quinta-feira;17;false
2024-04-26;26/04/2024;2024;1;2;4;Abril;26;5;Sexta-feira;17;false
2024-04-27;27/04/2024;2024;1;2;4;Abril;27;6;Sabado;17;true
2024-04-28;28/04/2024;2024;1;2;4;Abril;28;7;Domingo;17;true
2024-04-29;29/04/2024;2024;1;2;4;Abril;29;1;Segunda-feira;18;false
2024-04-30;30/04/2024;2024;1;2;4;Abril;30;2;Terca-feira;18;false
2024-05-01;01/05/2024;2024;1;2;5;Maio;1;3;Quarta-feira;18;false
2024-05-02;02/05/2024;2024;1;2;5;Maio;2;4;Quinta-feira;18;false
2024-05-03;03/05/2024;2024;1;2;5;Maio;3;5;Sexta-feira;18;false
2024-05-04;04/05/2024;2024;1;2;5;Maio;4;6;Sabado;18;true
2024-05-05;05/05/2024;2024;1;2;5;Maio;5;7;Domingo;18;true
2024-05-06;06/05/2024;2024;1;2;5;Maio;6;1;Segunda-feira;19;false
2024-05-07;07/05/2024;2024;1;2;5;Maio;7;2;Terca-feira;19;false
2024-05-08;08/05/2024;2024;1;2;5;Maio;8;3;Quarta-feira;19;false
2024-05-09;09/05/2024;2024;1;2;5;Maio;9;4;Quinta-feira;19;false
2024-05-10;10/05/2024;2024;1;2;5;Maio;10;5;Sexta-feira;19;false
2024-05-11;11/05/2024;2024;1;2;5;Maio;11;6;Sabado;19;true
2024-05-12;12/05/2024;2024;1;2;5;Maio;12;7;Domingo;19;true
2024-05-13;13/05/2024;2024;1;2;5;Maio;13;1;Segunda-feira;20;false
2024-05-14;14/05/2024;2024;1;2;5;Maio;14;2;Terca-feira;20;false
2024-05-15;15/05/2024;2024;1;2;5;Maio;15;3;Quarta-feira;20;false
2024-05-16;16/05/2024;2024;1;2;5;Maio;16;4;Quinta-feira;20;false
2024-05-17;17/05/2024;2024;1;2;5;Maio;17;5;Sexta-feira;20;false
2024-05-18;18/05/2024;2024;1;2;5;Maio;18;6;Sabado;20;true
2024-05-19;19/05/2024;2024;1;2;5;Maio;19;7;Domingo;20;true
2024-05-20;20/05/2024;2024;1;2;5;Maio;20;1;Segunda-feira;21;false
2024-05-21;21/05/2024;2024;1;2;5;Maio;21;2;Terca-feira;21;false
2024-05-22;22/05/2024;2024;1;2;5;Maio;22;3;Quarta-feira;21;false
2024-05-23;23/05/2024;2024;1;2;5;Maio;23;4;Quinta-feira;21;false
2024-05-24;24/05/2024;2024;1;2;5;Maio;24;5;Sexta-feira;21;false
2024-05-25;25/05/2024;2024;1;2;5;Maio;25;6;Sabado;21;true
2024-05-26;26/05/2024;2024;1;2;5;Maio;26;7;Domingo;21;true
2024-05-27;27/05/2024;2024;1;2;5;Maio;27;1;Segunda-feira;22;false
2024-05-28;28/05/2024;2024;1;2;5;Maio;28;2;Terca-feira;22;false
2024-05-29;29/05/2024;2024;1;2;5;Maio;29;3;Quarta-feira;22;false
2024-05-30;30/05/2024;2024;1;2;5;Maio;30;4;Quinta-feira;22;false
2024-05-31;31/05/2024;2024;1;2;5;Maio;31;5;Sexta-feira;22;false
2024-06-01;01/06/2024;2024;1;2;6;Junho;1;6;Sabado;22;true
2024-06-02;02/06/2024;2024;1;2;6;Junho;2;7;Domingo;22;true
2024-06-03;03/06/2024;2024;1;2;6;Junho;3;1;Segunda-feira;23;false
2024-06-04;04/06/2024;2024;1;2;6;Junho;4;2;Terca-feira;23;false
2024-06-05;05/06/2024;2024;1;2;6;Junho;5;3;Quarta-feira;23;false
2024-06-06;06/06/2024;2024;1;2;6;Junho;6;4;Quinta-feira;23;false
2024-06-07;07/06/2024;2024;1;2;6;Junho;7;5;Sexta-feira;23;false
2024-06-08;08/06/2024;2024;1;2;6;Junho;8;6;Sabado;23;true
2024-06-09;09/06/2024;2024;1;2;6;Junho;9;7;Domingo;23;true
2024-06-10;10/06/2024;2024;1;2;6;Junho;10;1;Segunda-feira;24;false
2024-06-11;11/06/2024;2024;1;2;6;Junho;11;2;Terca-feira;24;false
2024-06-12;12/06/2024;2024;1;2;6;Junho;12;3;Quarta-feira;24;false
2024-06-13;13/06/2024;2024;1;2;6;Junho;13;4;Quinta-feira;24;false
2024-06-14;14/06/2024;2024;1;2;6;Junho;14;5;Sexta-feira;24;false
2024-06-15;15/06/2024;2024;1;2;6;Junho;15;6;Sabado;24;true
2024-06-16;16/06/2024;2024;1;2;6;Junho;16;7;Domingo;24;true
2024-06-17;17/06/2024;2024;1;2;6;Junho;17;1;Segunda-feira;25;false
2024-06-18;18/06/2024;2024;1;2;6;Junho;18;2;Terca-feira;25;false
2024-06-19;19/06/2024;2024;1;2;6;Junho;19;3;Quarta-feira;25;false
2024-06-20;20/06/2024;2024;1;2;6;Junho;20;4;Quinta-feira;25;false
2024-06-21;21/06/2024;2024;1;2;6;Junho;21;5;Sexta-feira;25;false
2024-06-22;22/06/2024;2024;1;2;6;Junho;22;6;Sabado;25;true
2024-06-23;23/06/2024;2024;1;2;6;Junho;23;7;Domingo;25;true
2024-06-24;24/06/2024;2024;1;2;6;Junho;24;1;Segunda-feira;26;false
2024-06-25;25/06/2024;2024;1;2;6;Junho;25;2;Terca-feira;26;false
2024-06-26;26/06/2024;2024;1;2;6;Junho;26;3;Quarta-feira;26;false
2024-06-27;27/06/2024;2024;1;2;6;Junho;27;4;Quinta-feira;26;false
2024-06-28;28/06/2024;2024;1;2;6;Junho;28;5;Sexta-feira;26;false
2024-06-29;29/06/2024;2024;1;2;6;Junho;29;6;Sabado;26;true
2024-06-30;30/06/2024;2024;1;2;6;Junho;30;7;Domingo;26;true
2024-07-01;01/07/2024;2024;2;3;7;Julho;1;1;Segunda-feira;27;false
2024-07-02;02/07/2024;2024;2;3;7;Julho;2;2;Terca-feira;27;false
2024-07-03;03/07/2024;2024;2;3;7;Julho;3;3;Quarta-feira;27;false
2024-07-04;04/07/2024;2024;2;3;7;Julho;4;4;Quinta-feira;27;false
2024-07-05;05/07/2024;2024;2;3;7;Julho;5;5;Sexta-feira;27;false
2024-07-06;06/07/2024;2024;2;3;7;Julho;6;6;Sabado;27;true
2024-07-07;07/07/2024;2024;2;3;7;Julho;7;7;Domingo;27;true
2024-07-08;08/07/2024;2024;2;3;7;Julho;8;1;Segunda-feira;28;false
2024-07-09;09/07/2024;2024;2;3;7;Julho;9;2;Terca-feira;28;false
2024-07-10;10/07/2024;2024;2;3;7;Julho;10;3;Quarta-feira;28;false
2024-07-11;11/07/2024;2024;2;3;7;Julho;11;4;Quinta-feira;28;false
2024-07-12;12/07/2024;2024;2;3;7;Julho;12;5;Sexta-feira;28;false
2024-07-13;13/07/2024;2024;2;3;7;Julho;13;6;Sabado;28;true
2024-07-14;14/07/2024;2024;2;3;7;Julho;14;7;Domingo;28;true
2024-07-15;15/07/2024;2024;2;3;7;Julho;15;1;Segunda-feira;29;false
2024-07-16;16/07/2024;2024;2;3;7;Julho;16;2;Terca-feira;29;false
2024-07-17;17/07/2024;2024;2;3;7;Julho;17;3;Quarta-feira;29;false
2024-07-18;18/07/2024;2024;2;3;7;Julho;18;4;Quinta-feira;29;false
2024-07-19;19/07/2024;2024;2;3;7;Julho;19;5;Sexta-feira;29;false
2024-07-20;20/07/2024;2024;2;3;7;Julho;20;6;Sabado;29;true
2024-07-21;21/07/2024;2024;2;3;7;Julho;21;7;Domingo;29;true
2024-07-22;22/07/2024;2024;2;3;7;Julho;22;1;Segunda-feira;30;false
2024-07-23;23/07/2024;2024;2;3;7;Julho;23;2;Terca-feira;30;false
2024-07-24;24/07/2024;2024;2;3;7;Julho;24;3;Quarta-feira;30;false
2024-07-25;25/07/2024;2024;2;3;7;Julho;25;4;Quinta-feira;30;false
2024-07-26;26/07/2024;2024;2;3;7;Julho;26;5;Sexta-feira;30;false
2024-07-27;27/07/2024;2024;2;3;7;Julho;27;6;Sabado;30;true
2024-07-28;28/07/2024;2024;2;3;7;Julho;28;7;Domingo;30;true
2024-07-29;29/07/2024;2024;2;3;7;Julho;29;1;Segunda-feira;31;false
2024-07-30;30/07/2024;2024;2;3;7;Julho;30;2;Terca-feira;31;false
2024-07-31;31/07/2024;2024;2;3;7;Julho;31;3;Quarta-feira;31;false
2024-08-01;01/08/2024;2024;2;3;8;Agosto;1;4;Quinta-feira;31;false
2024-08-02;02/08/2024;2024;2;3;8;Agosto;2;5;Sexta-feira;31;false
2024-08-03;03/08/2024;2024;2;3;8;Agosto;3;6;Sabado;31;true
2024-08-04;04/08/2024;2024;2;3;8;Agosto;4;7;Domingo;31;true
2024-08-05;05/08/2024;2024;2;3;8;Agosto;5;1;Segunda-feira;32;false
2024-08-06;06/08/2024;2024;2;3;8;Agosto;6;2;Terca-feira;32;false
2024-08-07;07/08/2024;2024;2;3;8;Agosto;7;3;Quarta-feira;32;false
2024-08-08;08/08/2024;2024;2;3;8;Agosto;8;4;Quinta-feira;32;false
2024-08-09;09/08/2024;2024;2;3;8;Agosto;9;5;Sexta-feira;32;false
2024-08-10;10/08/2024;2024;2;3;8;Agosto;10;6;Sabado;32;true
2024-08-11;11/08/2024;2024;2;3;8;Agosto;11;7;Domingo;32;true
2024-08-12;12/08/2024;2024;2;3;8;Agosto;12;1;Segunda-feira;33;false
2024-08-13;13/08/2024;2024;2;3;8;Agosto;13;2;Terca-feira;33;false
2024-08-14;14/08/2024;2024;2;3;8;Agosto;14;3;Quarta-feira;33;false
2024-08-15;15/08/2024;2024;2;3;8;Agosto;15;4;Quinta-feira;33;false
2024-08-16;16/08/2024;2024;2;3;8;Agosto;16;5;Sexta-feira;33;false
2024-08-17;17/08/2024;2024;2;3;8;Agosto;17;6;Sabado;33;true
2024-08-18;18/08/2024;2024;2;3;8;Agosto;18;7;Domingo;33;true
2024-08-19;19/08/2024;2024;2;3;8;Agosto;19;1;Segunda-feira;34;false
2024-08-20;20/08/2024;2024;2;3;8;Agosto;20;2;Terca-feira;34;false
2024-08-21;21/08/2024;2024;2;3;8;Agosto;21;3;Quarta-feira;34;false
2024-08-22;22/08/2024;2024;2;3;8;Agosto;22;4;Quinta-feira;34;false
2024-08-23;23/08/2024;2024;2;3;8;Agosto;23;5;Sexta-feira;34;false
2024-08-24;24/08/2024;2024;2;3;8;Agosto;24;6;Sabado;34;true
2024-08-25;25/08/2024;2024;2;3;8;Agosto;25;7;Domingo;34;true
2024-08-26;26/08/2024;2024;2;3;8;Agosto;26;1;Segunda-feira;35;false
2024-08-27;27/08/2024;2024;2;3;8;Agosto;27;2;Terca-feira;35;false
2024-08-28;28/08/2024;2024;2;3;8;Agosto;28;3;Quarta-feira;35;false
2024-08-29;29/08/2024;2024;2;3;8;Agosto;29;4;Quinta-feira;35;false
2024-08-30;30/08/2024;2024;2;3;8;Agosto;30;5;Sexta-feira;35;false
2024-08-31;31/08/2024;2024;2;3;8;Agosto;31;6;Sabado;35;true
2024-09-01;01/09/2024;2024;2;3;9;Setembro;1;7;Domingo;35;true
2024-09-02;02/09/2024;2024;2;3;9;Setembro;2;1;Segunda-feira;36;false
2024-09-03;03/09/2024;2024;2;3;9;Setembro;3;2;Terca-feira;36;false
2024-09-04;04/09/2024;2024;2;3;9;Setembro;4;3;Quarta-feira;36;false
2024-09-05;05/09/2024;2024;2;3;9;Setembro;5;4;Quinta-feira;36;false
2024-09-06;06/09/2024;2024;2;3;9;Setembro;6;5;Sexta-feira;36;false
2024-09-07;07/09/2024;2024;2;3;9;Setembro;7;6;Sabado;36;true
2024-09-08;08/09/2024;2024;2;3;9;Setembro;8;7;Domingo;36;true
2024-09-09;09/09/2024;2024;2;3;9;Setembro;9;1;Segunda-feira;37;false
2024-09-10;10/09/2024;2024;2;3;9;Setembro;10;2;Terca-feira;37;false
2024-09-11;11/09/2024;2024;2;3;9;Setembro;11;3;Quarta-feira;37;false
2024-09-12;12/09/2024;2024;2;3;9;Setembro;12;4;Quinta-feira;37;false
2024-09-13;13/09/2024;2024;2;3;9;Setembro;13;5;Sexta-feira;37;false
2024-09-14;14/09/2024;2024;2;3;9;Setembro;14;6;Sabado;37;true
2024-09-15;15/09/2024;2024;2;3;9;Setembro;15;7;Domingo;37;true
2024-09-16;16/09/2024;2024;2;3;9;Setembro;16;1;Segunda-feira;38;false
2024-09-17;17/09/2024;2024;2;3;9;Setembro;17;2;Terca-feira;38;false
2024-09-18;18/09/2024;2024;2;3;9;Setembro;18;3;Quarta-feira;38;false
2024-09-19;19/09/2024;2024;2;3;9;Setembro;19;4;Quinta-feira;38;false
2024-09-20;20/09/2024;2024;2;3;9;Setembro;20;5;Sexta-feira;38;false
2024-09-21;21/09/2024;2024;2;3;9;Setembro;21;6;Sabado;38;true
2024-09-22;22/09/2024;2024;2;3;9;Setembro;22;7;Domingo;38;true
2024-09-23;23/09/2024;2024;2;3;9;Setembro;23;1;Segunda-feira;39;false
2024-09-24;24/09/2024;2024;2;3;9;Setembro;24;2;Terca-feira;39;false
2024-09-25;25/09/2024;2024;2;3;9;Setembro;25;3;Quarta-feira;39;false
2024-09-26;26/09/2024;2024;2;3;9;Setembro;26;4;Quinta-feira;39;false
2024-09-27;27/09/2024;2024;2;3;9;Setembro;27;5;Sexta-feira;39;false
2024-09-28;28/09/2024;2024;2;3;9;Setembro;28;6;Sabado;39;true
2024-09-29;29/09/2024;2024;2;3;9;Setembro;29;7;Domingo;39;true
2024-09-30;30/09/2024;2024;2;3;9;Setembro;30;1;Segunda-feira;40;false
2024-10-01;01/10/2024;2024;2;4;10;Outubro;1;2;Terca-feira;40;false
2024-10-02;02/10/2024;2024;2;4;10;Outubro;2;3;Quarta-feira;40;false
2024-10-03;03/10/2024;2024;2;4;10;Outubro;3;4;Quinta-feira;40;false
2024-10-04;04/10/2024;2024;2;4;10;Outubro;4;5;Sexta-feira;40;false
2024-10-05;05/10/2024;2024;2;4;10;Outubro;5;6;Sabado;40;true
2024-10-06;06/10/2024;2024;2;4;10;Outubro;6;7;Domingo;40;true
2024-10-07;07/10/2024;2024;2;4;10;Outubro;7;1;Segunda-feira;41;false
2024-10-08;08/10/2024;2024;2;4;10;Outubro;8;2;Terca-feira;41;false
2024-10-09;09/10/2024;2024;2;4;10;Outubro;9;3;Quarta-feira;41;false
2024-10-10;10/10/2024;2024;2;4;10;Outubro;10;4;Quinta-feira;41;false
2024-10-11;11/10/2024;2024;2;4;10;Outubro;11;5;Sexta-feira;41;false
2024-10-12;12/10/2024;2024;2;4;10;Outubro;12;6;Sabado;41;true
2024-10-13;13/10/2024;2024;2;4;10;Outubro;13;7;Domingo;41;true
2024-10-14;14/10/2024;2024;2;4;10;Outubro;14;1;Segunda-feira;42;false
2024-10-15;15/10/2024;2024;2;4;10;Outubro;15;2;Terca-feira;42;false
2024-10-16;16/10/2024;2024;2;4;10;Outubro;16;3;Quarta-feira;42;false
2024-10-17;17/10/2024;2024;2;4;10;Outubro;17;4;Quinta-feira;42;false
2024-10-18;18/10/2024;2024;2;4;10;Outubro;18;5;Sexta-feira;42;false
2024-10-19;19/10/2024;2024;2;4;10;Outubro;19;6;Sabado;42;true
2024-10-20;20/10/2024;2024;2;4;10;Outubro;20;7;Domingo;42;true
2024-10-21;21/10/2024;2024;2;4;10;Outubro;21;1;Segunda-feira;43;false
2024-10-22;22/10/2024;2024;2;4;10;Outubro;22;2;Terca-feira;43;false
2024-10-23;23/10/2024;2024;2;4;10;Outubro;23;3;Quarta-feira;43;false
2024-10-24;24/10/2024;2024;2;4;10;Outubro;24;4;Quinta-feira;43;false
2024-10-25;25/10/2024;2024;2;4;10;Outubro;25;5;Sexta-feira;43;false
2024-10-26;26/10/2024;2024;2;4;10;Outubro;26;6;Sabado;43;true
2024-10-27;27/10/2024;2024;2;4;10;Outubro;27;7;Domingo;43;true
2024-10-28;28/10/2024;2024;2;4;10;Outubro;28;1;Segunda-feira;44;false
2024-10-29;29/10/2024;2024;2;4;10;Outubro;29;2;Terca-feira;44;false
2024-10-30;30/10/2024;2024;2;4;10;Outubro;30;3;Quarta-feira;44;false
2024-10-31;31/10/2024;2024;2;4;10;Outubro;31;4;Quinta-feira;44;false
2024-11-01;01/11/2024;2024;2;4;11;Novembro;1;5;Sexta-feira;44;false
2024-11-02;02/11/2024;2024;2;4;11;Novembro;2;6;Sabado;44;true
2024-11-03;03/11/2024;2024;2;4;11;Novembro;3;7;Domingo;44;true
2024-11-04;04/11/2024;2024;2;4;11;Novembro;4;1;Segunda-feira;45;false
2024-11-05;05/11/2024;2024;2;4;11;Novembro;5;2;Terca-feira;45;false
2024-11-06;06/11/2024;2024;2;4;11;Novembro;6;3;Quarta-feira;45;false
2024-11-07;07/11/2024;2024;2;4;11;Novembro;7;4;Quinta-feira;45;false
2024-11-08;08/11/2024;2024;2;4;11;Novembro;8;5;Sexta-feira;45;false
2024-11-09;09/11/2024;2024;2;4;11;Novembro;9;6;Sabado;45;true
2024-11-10;10/11/2024;2024;2;4;11;Novembro;10;7;Domingo;45;true
2024-11-11;11/11/2024;2024;2;4;11;Novembro;11;1;Segunda-feira;46;false
2024-11-12;12/11/2024;2024;2;4;11;Novembro;12;2;Terca-feira;46;false
2024-11-13;13/11/2024;2024;2;4;11;Novembro;13;3;Quarta-feira;46;false
2024-11-14;14/11/2024;2024;2;4;11;Novembro;14;4;Quinta-feira;46;false
2024-11-15;15/11/2024;2024;2;4;11;Novembro;15;5;Sexta-feira;46;false
2024-11-16;16/11/2024;2024;2;4;11;Novembro;16;6;Sabado;46;true
2024-11-17;17/11/2024;2024;2;4;11;Novembro;17;7;Domingo;46;true
2024-11-18;18/11/2024;2024;2;4;11;Novembro;18;1;Segunda-feira;47;false
2024-11-19;19/11/2024;2024;2;4;11;Novembro;19;2;Terca-feira;47;false
2024-11-20;20/11/2024;2024;2;4;11;Novembro;20;3;Quarta-feira;47;false
2024-11-21;21/11/2024;2024;2;4;11;Novembro;21;4;Quinta-feira;47;false
2024-11-22;22/11/2024;2024;2;4;11;Novembro;22;5;Sexta-feira;47;false
2024-11-23;23/11/2024;2024;2;4;11;Novembro;23;6;Sabado;47;true
2024-11-24;24/11/2024;2024;2;4;11;Novembro;24;7;Domingo;47;true
2024-11-25;25/11/2024;2024;2;4;11;Novembro;25;1;Segunda-feira;48;false
2024-11-26;26/11/2024;2024;2;4;11;Novembro;26;2;Terca-feira;48;false
2024-11-27;27/11/2024;2024;2;4;11;Novembro;27;3;Quarta-feira;48;false
2024-11-28;28/11/2024;2024;2;4;11;Novembro;28;4;Quinta-feira;48;false
2024-11-29;29/11/2024;2024;2;4;11;Novembro;29;5;Sexta-feira;48;false
2024-11-30;30/11/2024;2024;2;4;11;Novembro;30;6;Sabado;48;true
2024-12-01;01/12/2024;2024;2;4;12;Dezembro;1;7;Domingo;48;true
2024-12-02;02/12/2024;2024;2;4;12;Dezembro;2;1;Segunda-feira;49;false
2024-12-03;03/12/2024;2024;2;4;12;Dezembro;3;2;Terca-feira;49;false
2024-12-04;04/12/2024;2024;2;4;12;Dezembro;4;3;Quarta-feira;49;false
2024-12-05;05/12/2024;2024;2;4;12;Dezembro;5;4;Quinta-feira;49;false
2024-12-06;06/12/2024;2024;2;4;12;Dezembro;6;5;Sexta-feira;49;false
2024-12-07;07/12/2024;2024;2;4;12;Dezembro;7;6;Sabado;49;true
2024-12-08;08/12/2024;2024;2;4;12;Dezembro;8;7;Domingo;49;true
2024-12-09;09/12/2024;2024;2;4;12;Dezembro;9;1;Segunda-feira;50;false
2024-12-10;10/12/2024;2024;2;4;12;Dezembro;10;2;Terca-feira;50;false
2024-12-11;11/12/2024;2024;2;4;12;Dezembro;11;3;Quarta-feira;50;false
2024-12-12;12/12/2024;2024;2;4;12;Dezembro;12;4;Quinta-feira;50;false
2024-12-13;13/12/2024;2024;2;4;12;Dezembro;13;5;Sexta-feira;50;false
2024-12-14;14/12/2024;2024;2;4;12;Dezembro;14;6;Sabado;50;true
2024-12-15;15/12/2024;2024;2;4;12;Dezembro;15;7;Domingo;50;true
2024-12-16;16/12/2024;2024;2;4;12;Dezembro;16;1;Segunda-feira;51;false
2024-12-17;17/12/2024;2024;2;4;12;Dezembro;17;2;Terca-feira;51;false
2024-12-18;18/12/2024;2024;2;4;12;Dezembro;18;3;Quarta-feira;51;false
2024-12-19;19/12/2024;2024;2;4;12;Dezembro;19;4;Quinta-feira;51;false
2024-12-20;20/12/2024;2024;2;4;12;Dezembro;20;5;Sexta-feira;51;false
2024-12-21;21/12/2024;2024;2;4;12;Dezembro;21;6;Sabado;51;true
2024-12-22;22/12/2024;2024;2;4;12;Dezembro;22;7;Domingo;51;true
2024-12-23;23/12/2024;2024;2;4;12;Dezembro;23;1;Segunda-feira;52;false
2024-12-24;24/12/2024;2024;2;4;12;Dezembro;24;2;Terca-feira;52;false
2024-12-25;25/12/2024;2024;2;4;12;Dezembro;25;3;Quarta-feira;52;false
2024-12-26;26/12/2024;2024;2;4;12;Dezembro;26;4;Quinta-feira;52;false
2024-12-27;27/12/2024;2024;2;4;12;Dezembro;27;5;Sexta-feira;52;false
2024-12-28;28/12/2024;2024;2;4;12;Dezembro;28;6;Sabado;52;true
2024-12-29;29/12/2024;2024;2;4;12;Dezembro;29;7;Domingo;52;true
2024-12-30;30/12/2024;2024;2;4;12;Dezembro;30;1;Segunda-feira;1;false
2024-12-31;31/12/2024;2024;2;4;12;Dezembro;31;2;Terca-feira;1;false
2025-01-01;01/01/2025;2025;1;1;1;Janeiro;1;3;Quarta-feira;1;false
2025-01-02;02/01/2025;2025;1;1;1;Janeiro;2;4;Quinta-feira;1;false
2025-01-03;03/01/2025;2025;1;1;1;Janeiro;3;5;Sexta-feira;1;false
2025-01-04;04/01/2025;2025;1;1;1;Janeiro;4;6;Sabado;1;true
2025-01-05;05/01/2025;2025;1;1;1;Janeiro;5;7;Domingo;1;true
2025-01-06;06/01/2025;2025;1;1;1;Janeiro;6;1;Segunda-feira;2;false
2025-01-07;07/01/2025;2025;1;1;1;Janeiro;7;2;Terca-feira;2;false
2025-01-08;08/01/2025;2025;1;1;1;Janeiro;8;3;Quarta-feira;2;false
2025-01-09;09/01/2025;2025;1;1;1;Janeiro;9;4;Quinta-feira;2;false
2025-01-10;10/01/2025;2025;1;1;1;Janeiro;10;5;Sexta-feira;2;false
2025-01-11;11/01/2025;2025;1;1;1;Janeiro;11;6;Sabado;2;true
2025-01-12;12/01/2025;2025;1;1;1;Janeiro;12;7;Domingo;2;true
2025-01-13;13/01/2025;2025;1;1;1;Janeiro;13;1;Segunda-feira;3;false
2025-01-14;14/01/2025;2025;1;1;1;Janeiro;14;2;Terca-feira;3;false
2025-01-15;15/01/2025;2025;1;1;1;Janeiro;15;3;Quarta-feira;3;false
2025-01-16;16/01/2025;2025;1;1;1;Janeiro;16;4;Quinta-feira;3;false
2025-01-17;17/01/2025;2025;1;1;1;Janeiro;17;5;Sexta-feira;3;false
2025-01-18;18/01/2025;2025;1;1;1;Janeiro;18;6;Sabado;3;true
2025-01-19;19/01/2025;2025;1;1;1;Janeiro;19;7;Domingo;3;true
2025-01-20;20/01/2025;2025;1;1;1;Janeiro;20;1;Segunda-feira;4;false
2025-01-21;21/01/2025;2025;1;1;1;Janeiro;21;2;Terca-feira;4;false
2025-01-22;22/01/2025;2025;1;1;1;Janeiro;22;3;Quarta-feira;4;false
2025-01-23;23/01/2025;2025;1;1;1;Janeiro;23;4;Quinta-feira;4;false
2025-01-24;24/01/2025;2025;1;1;1;Janeiro;24;5;Sexta-feira;4;false
2025-01-25;25/01/2025;2025;1;1;1;Janeiro;25;6;Sabado;4;true
2025-01-26;26/01/2025;2025;1;1;1;Janeiro;26;7;Domingo;4;true
2025-01-27;27/01/2025;2025;1;1;1;Janeiro;27;1;Segunda-feira;5;false
2025-01-28;28/01/2025;2025;1;1;1;Janeiro;28;2;Terca-feira;5;false
2025-01-29;29/01/2025;2025;1;1;1;Janeiro;29;3;Quarta-feira;5;false
2025-01-30;30/01/2025;2025;1;1;1;Janeiro;30;4;Quinta-feira;5;false
2025-01-31;31/01/2025;2025;1;1;1;Janeiro;31;5;Sexta-feira;5;false
2025-02-01;01/02/2025;2025;1;1;2;Fevereiro;1;6;Sabado;5;true
2025-02-02;02/02/2025;2025;1;1;2;Fevereiro;2;7;Domingo;5;true
2025-02-03;03/02/2025;2025;1;1;2;Fevereiro;3;1;Segunda-feira;6;false
2025-02-04;04/02/2025;2025;1;1;2;Fevereiro;4;2;Terca-feira;6;false
2025-02-05;05/02/2025;2025;1;1;2;Fevereiro;5;3;Quarta-feira;6;false
2025-02-06;06/02/2025;2025;1;1;2;Fevereiro;6;4;Quinta-feira;6;false
2025-02-07;07/02/2025;2025;1;1;2;Fevereiro;7;5;Sexta-feira;6;false
2025-02-08;08/02/2025;2025;1;1;2;Fevereiro;8;6;Sabado;6;true
2025-02-09;09/02/2025;2025;1;1;2;Fevereiro;9;7;Domingo;6;true
2025-02-10;10/02/2025;2025;1;1;2;Fevereiro;10;1;Segunda-feira;7;false
2025-02-11;11/02/2025;2025;1;1;2;Fevereiro;11;2;Terca-feira;7;false
2025-02-12;12/02/2025;2025;1;1;2;Fevereiro;12;3;Quarta-feira;7;false
2025-02-13;13/02/2025;2025;1;1;2;Fevereiro;13;4;Quinta-feira;7;false
2025-02-14;14/02/2025;2025;1;1;2;Fevereiro;14;5;Sexta-feira;7;false
2025-02-15;15/02/2025;2025;1;1;2;Fevereiro;15;6;Sabado;7;true
2025-02-16;16/02/2025;2025;1;1;2;Fevereiro;16;7;Domingo;7;true
2025-02-17;17/02/2025;2025;1;1;2;Fevereiro;17;1;Segunda-feira;8;false
2025-02-18;18/02/2025;2025;1;1;2;Fevereiro;18;2;Terca-feira;8;false
2025-02-19;19/02/2025;2025;1;1;2;Fevereiro;19;3;Quarta-feira;8;false
2025-02-20;20/02/2025;2025;1;1;2;Fevereiro;20;4;Quinta-feira;8;false
2025-02-21;21/02/2025;2025;1;1;2;Fevereiro;21;5;Sexta-feira;8;false
2025-02-22;22/02/2025;2025;1;1;2;Fevereiro;22;6;Sabado;8;true
2025-02-23;23/02/2025;2025;1;1;2;Fevereiro;23;7;Domingo;8;true
2025-02-24;24/02/2025;2025;1;1;2;Fevereiro;24;1;Segunda-feira;9;false
2025-02-25;25/02/2025;2025;1;1;2;Fevereiro;25;2;Terca-feira;9;false
2025-02-26;26/02/2025;2025;1;1;2;Fevereiro;26;3;Quarta-feira;9;false
2025-02-27;27/02/2025;2025;1;1;2;Fevereiro;27;4;Quinta-feira;9;false
2025-02-28;28/02/2025;2025;1;1;2;Fevereiro;28;5;Sexta-feira;9;false
2025-03-01;01/03/2025;2025;1;1;3;Marco;1;6;Sabado;9;true
2025-03-02;02/03/2025;2025;1;1;3;Marco;2;7;Domingo;9;true
2025-03-03;03/03/2025;2025;1;1;3;Marco;3;1;Segunda-feira;10;false
2025-03-04;04/03/2025;2025;1;1;3;Marco;4;2;Terca-feira;10;false
2025-03-05;05/03/2025;2025;1;1;3;Marco;5;3;Quarta-feira;10;false
2025-03-06;06/03/2025;2025;1;1;3;Marco;6;4;Quinta-feira;10;false
2025-03-07;07/03/2025;2025;1;1;3;Marco;7;5;Sexta-feira;10;false
2025-03-08;08/03/2025;2025;1;1;3;Marco;8;6;Sabado;10;true
2025-03-09;09/03/2025;2025;1;1;3;Marco;9;7;Domingo;10;true
2025-03-10;10/03/2025;2025;1;1;3;Marco;10;1;Segunda-feira;11;false
2025-03-11;11/03/2025;2025;1;1;3;Marco;11;2;Terca-feira;11;false
2025-03-12;12/03/2025;2025;1;1;3;Marco;12;3;Quarta-feira;11;false
2025-03-13;13/03/2025;2025;1;1;3;Marco;13;4;Quinta-feira;11;false
2025-03-14;14/03/2025;2025;1;1;3;Marco;14;5;Sexta-feira;11;false
2025-03-15;15/03/2025;2025;1;1;3;Marco;15;6;Sabado;11;true
2025-03-16;16/03/2025;2025;1;1;3;Marco;16;7;Domingo;11;true
2025-03-17;17/03/2025;2025;1;1;3;Marco;17;1;Segunda-feira;12;false
2025-03-18;18/03/2025;2025;1;1;3;Marco;18;2;Terca-feira;12;false
2025-03-19;19/03/2025;2025;1;1;3;Marco;19;3;Quarta-feira;12;false
2025-03-20;20/03/2025;2025;1;1;3;Marco;20;4;Quinta-feira;12;false
2025-03-21;21/03/2025;2025;1;1;3;Marco;21;5;Sexta-feira;12;false
2025-03-22;22/03/2025;2025;1;1;3;Marco;22;6;Sabado;12;true
2025-03-23;23/03/2025;2025;1;1;3;Marco;23;7;Domingo;12;true
2025-03-24;24/03/2025;2025;1;1;3;Marco;24;1;Segunda-feira;13;false
2025-03-25;25/03/2025;2025;1;1;3;Marco;25;2;Terca-feira;13;false
2025-03-26;26/03/2025;2025;1;1;3;Marco;26;3;Quarta-feira;13;false
2025-03-27;27/03/2025;2025;1;1;3;Marco;27;4;Quinta-feira;13;false
2025-03-28;28/03/2025;2025;1;1;3;Marco;28;5;Sexta-feira;13;false
2025-03-29;29/03/2025;2025;1;1;3;Marco;29;6;Sabado;13;true
2025-03-30;30/03/2025;2025;1;1;3;Marco;30;7;Domingo;13;true
2025-03-31;31/03/2025;2025;1;1;3;Marco;31;1;Segunda-feira;14;false
2025-04-01;01/04/2025;2025;1;2;4;Abril;1;2;Terca-feira;14;false
2025-04-02;02/04/2025;2025;1;2;4;Abril;2;3;Quarta-feira;14;false
2025-04-03;03/04/2025;2025;1;2;4;Abril;3;4;Quinta-feira;14;false
2025-04-04;04/04/2025;2025;1;2;4;Abril;4;5;Sexta-feira;14;false
2025-04-05;05/04/2025;2025;1;2;4;Abril;5;6;Sabado;14;true
2025-04-06;06/04/2025;2025;1;2;4;Abril;6;7;Domingo;14;true
2025-04-07;07/04/2025;2025;1;2;4;Abril;7;1;Segunda-feira;15;false
2025-04-08;08/04/2025;2025;1;2;4;Abril;8;2;Terca-feira;15;false
2025-04-09;09/04/2025;2025;1;2;4;Abril;9;3;Quarta-feira;15;false
2025-04-10;10/04/2025;2025;1;2;4;Abril;10;4;Quinta-feira;15;false
2025-04-11;11/04/2025;2025;1;2;4;Abril;11;5;Sexta-feira;15;false
2025-04-12;12/04/2025;2025;1;2;4;Abril;12;6;Sabado;15;true
2025-04-13;13/04/2025;2025;1;2;4;Abril;13;7;Domingo;15;true
2025-04-14;14/04/2025;2025;1;2;4;Abril;14;1;Segunda-feira;16;false
2025-04-15;15/04/2025;2025;1;2;4;Abril;15;2;Terca-feira;16;false
2025-04-16;16/04/2025;2025;1;2;4;Abril;16;3;Quarta-feira;16;false
2025-04-17;17/04/2025;2025;1;2;4;Abril;17;4;Quinta-feira;16;false
2025-04-18;18/04/2025;2025;1;2;4;Abril;18;5;Sexta-feira;16;false
2025-04-19;19/04/2025;2025;1;2;4;Abril;19;6;Sabado;16;true
2025-04-20;20/04/2025;2025;1;2;4;Abril;20;7;Domingo;16;true
2025-04-21;21/04/2025;2025;1;2;4;Abril;21;1;Segunda-feira;17;false
2025-04-22;22/04/2025;2025;1;2;4;Abril;22;2;Terca-feira;17;false
2025-04-23;23/04/2025;2025;1;2;4;Abril;23;3;Quarta-feira;17;false
2025-04-24;24/04/2025;2025;1;2;4;Abril;24;4;Quinta-feira;17;false
2025-04-25;25/04/2025;2025;1;2;4;Abril;25;5;Sexta-feira;17;false
2025-04-26;26/04/2025;2025;1;2;4;Abril;26;6;Sabado;17;true
2025-04-27;27/04/2025;2025;1;2;4;Abril;27;7;Domingo;17;true
2025-04-28;28/04/2025;2025;1;2;4;Abril;28;1;Segunda-feira;18;false
2025-04-29;29/04/2025;2025;1;2;4;Abril;29;2;Terca-feira;18;false
2025-04-30;30/04/2025;2025;1;2;4;Abril;30;3;Quarta-feira;18;false
2025-05-01;01/05/2025;2025;1;2;5;Maio;1;4;Quinta-feira;18;false
2025-05-02;02/05/2025;2025;1;2;5;Maio;2;5;Sexta-feira;18;false
2025-05-03;03/05/2025;2025;1;2;5;Maio;3;6;Sabado;18;true
2025-05-04;04/05/2025;2025;1;2;5;Maio;4;7;Domingo;18;true
2025-05-05;05/05/2025;2025;1;2;5;Maio;5;1;Segunda-feira;19;false
2025-05-06;06/05/2025;2025;1;2;5;Maio;6;2;Terca-feira;19;false
2025-05-07;07/05/2025;2025;1;2;5;Maio;7;3;Quarta-feira;19;false
2025-05-08;08/05/2025;2025;1;2;5;Maio;8;4;Quinta-feira;19;false
2025-05-09;09/05/2025;2025;1;2;5;Maio;9;5;Sexta-feira;19;false
2025-05-10;10/05/2025;2025;1;2;5;Maio;10;6;Sabado;19;true
2025-05-11;11/05/2025;2025;1;2;5;Maio;11;7;Domingo;19;true
2025-05-12;12/05/2025;2025;1;2;5;Maio;12;1;Segunda-feira;20;false
2025-05-13;13/05/2025;2025;1;2;5;Maio;13;2;Terca-feira;20;false
2025-05-14;14/05/2025;2025;1;2;5;Maio;14;3;Quarta-feira;20;false
2025-05-15;15/05/2025;2025;1;2;5;Maio;15;4;Quinta-feira;20;false
2025-05-16;16/05/2025;2025;1;2;5;Maio;16;5;Sexta-feira;20;false
2025-05-17;17/05/2025;2025;1;2;5;Maio;17;6;Sabado;20;true
2025-05-18;18/05/2025;2025;1;2;5;Maio;18;7;Domingo;20;true
2025-05-19;19/05/2025;2025;1;2;5;Maio;19;1;Segunda-feira;21;false
2025-05-20;20/05/2025;2025;1;2;5;Maio;20;2;Terca-feira;21;false
2025-05-21;21/05/2025;2025;1;2;5;Maio;21;3;Quarta-feira;21;false
2025-05-22;22/05/2025;2025;1;2;5;Maio;22;4;Quinta-feira;21;false
2025-05-23;23/05/2025;2025;1;2;5;Maio;23;5;Sexta-feira;21;false
2025-05-24;24/05/2025;2025;1;2;5;Maio;24;6;Sabado;21;true
2025-05-25;25/05/2025;2025;1;2;5;Maio;25;7;Domingo;21;true
2025-05-26;26/05/2025;2025;1;2;5;Maio;26;1;Segunda-feira;22;false
2025-05-27;27/05/2025;2025;1;2;5;Maio;27;2;Terca-feira;22;false
2025-05-28;28/05/2025;2025;1;2;5;Maio;28;3;Quarta-feira;22;false
2025-05-29;29/05/2025;2025;1;2;5;Maio;29;4;Quinta-feira;22;false
2025-05-30;30/05/2025;2025;1;2;5;Maio;30;5;Sexta-feira;22;false
2025-05-31;31/05/2025;2025;1;2;5;Maio;31;6;Sabado;22;true
2025-06-01;01/06/2025;2025;1;2;6;Junho;1;7;Domingo;22;true
2025-06-02;02/06/2025;2025;1;2;6;Junho;2;1;Segunda-feira;23;false
2025-06-03;03/06/2025;2025;1;2;6;Junho;3;2;Terca-feira;23;false
2025-06-04;04/06/2025;2025;1;2;6;Junho;4;3;Quarta-feira;23;false
2025-06-05;05/06/2025;2025;1;2;6;Junho;5;4;Quinta-feira;23;false
2025-06-06;06/06/2025;2025;1;2;6;Junho;6;5;Sexta-feira;23;false
2025-06-07;07/06/2025;2025;1;2;6;Junho;7;6;Sabado;23;true
2025-06-08;08/06/2025;2025;1;2;6;Junho;8;7;Domingo;23;true
2025-06-09;09/06/2025;2025;1;2;6;Junho;9;1;Segunda-feira;24;false
2025-06-10;10/06/2025;2025;1;2;6;Junho;10;2;Terca-feira;24;false
2025-06-11;11/06/2025;2025;1;2;6;Junho;11;3;Quarta-feira;24;false
2025-06-12;12/06/2025;2025;1;2;6;Junho;12;4;Quinta-feira;24;false
2025-06-13;13/06/2025;2025;1;2;6;Junho;13;5;Sexta-feira;24;false
2025-06-14;14/06/2025;2025;1;2;6;Junho;14;6;Sabado;24;true
2025-06-15;15/06/2025;2025;1;2;6;Junho;15;7;Domingo;24;true
2025-06-16;16/06/2025;2025;1;2;6;Junho;16;1;Segunda-feira;25;false
2025-06-17;17/06/2025;2025;1;2;6;Junho;17;2;Terca-feira;25;false
2025-06-18;18/06/2025;2025;1;2;6;Junho;18;3;Quarta-feira;25;false
2025-06-19;19/06/2025;2025;1;2;6;Junho;19;4;Quinta-feira;25;false
2025-06-20;20/06/2025;2025;1;2;6;Junho;20;5;Sexta-feira;25;false
2025-06-21;21/06/2025;2025;1;2;6;Junho;21;6;Sabado;25;true
2025-06-22;22/06/2025;2025;1;2;6;Junho;22;7;Domingo;25;true
2025-06-23;23/06/2025;2025;1;2;6;Junho;23;1;Segunda-feira;26;false
2025-06-24;24/06/2025;2025;1;2;6;Junho;24;2;Terca-feira;26;false
2025-06-25;25/06/2025;2025;1;2;6;Junho;25;3;Quarta-feira;26;false
2025-06-26;26/06/2025;2025;1;2;6;Junho;26;4;Quinta-feira;26;false
2025-06-27;27/06/2025;2025;1;2;6;Junho;27;5;Sexta-feira;26;false
2025-06-28;28/06/2025;2025;1;2;6;Junho;28;6;Sabado;26;true
2025-06-29;29/06/2025;2025;1;2;6;Junho;29;7;Domingo;26;true
2025-06-30;30/06/2025;2025;1;2;6;Junho;30;1;Segunda-feira;27;false
2025-07-01;01/07/2025;2025;2;3;7;Julho;1;2;Terca-feira;27;false
2025-07-02;02/07/2025;2025;2;3;7;Julho;2;3;Quarta-feira;27;false
2025-07-03;03/07/2025;2025;2;3;7;Julho;3;4;Quinta-feira;27;false
2025-07-04;04/07/2025;2025;2;3;7;Julho;4;5;Sexta-feira;27;false
2025-07-05;05/07/2025;2025;2;3;7;Julho;5;6;Sabado;27;true
2025-07-06;06/07/2025;2025;2;3;7;Julho;6;7;Domingo;27;true
2025-07-07;07/07/2025;2025;2;3;7;Julho;7;1;Segunda-feira;28;false
2025-07-08;08/07/2025;2025;2;3;7;Julho;8;2;Terca-feira;28;false
2025-07-09;09/07/2025;2025;2;3;7;Julho;9;3;Quarta-feira;28;false
2025-07-10;10/07/2025;2025;2;3;7;Julho;10;4;Quinta-feira;28;false
2025-07-11;11/07/2025;2025;2;3;7;Julho;11;5;Sexta-feira;28;false
2025-07-12;12/07/2025;2025;2;3;7;Julho;12;6;Sabado;28;true
2025-07-13;13/07/2025;2025;2;3;7;Julho;13;7;Domingo;28;true
2025-07-14;14/07/2025;2025;2;3;7;Julho;14;1;Segunda-feira;29;false
2025-07-15;15/07/2025;2025;2;3;7;Julho;15;2;Terca-feira;29;false
2025-07-16;16/07/2025;2025;2;3;7;Julho;16;3;Quarta-feira;29;false
2025-07-17;17/07/2025;2025;2;3;7;Julho;17;4;Quinta-feira;29;false
2025-07-18;18/07/2025;2025;2;3;7;Julho;18;5;Sexta-feira;29;false
2025-07-19;19/07/2025;2025;2;3;7;Julho;19;6;Sabado;29;true
2025-07-20;20/07/2025;2025;2;3;7;Julho;20;7;Domingo;29;true
2025-07-21;21/07/2025;2025;2;3;7;Julho;21;1;Segunda-feira;30;false
2025-07-22;22/07/2025;2025;2;3;7;Julho;22;2;Terca-feira;30;false
2025-07-23;23/07/2025;2025;2;3;7;Julho;23;3;Quarta-feira;30;false
2025-07-24;24/07/2025;2025;2;3;7;Julho;24;4;Quinta-feira;30;false
2025-07-25;25/07/2025;2025;2;3;7;Julho;25;5;Sexta-feira;30;false
2025-07-26;26/07/2025;2025;2;3;7;Julho;26;6;Sabado;30;true
2025-07-27;27/07/2025;2025;2;3;7;Julho;27;7;Domingo;30;true
2025-07-28;28/07/2025;2025;2;3;7;Julho;28;1;Segunda-feira;31;false
2025-07-29;29/07/2025;2025;2;3;7;Julho;29;2;Terca-feira;31;false
2025-07-30;30/07/2025;2025;2;3;7;Julho;30;3;Quarta-feira;31;false
2025-07-31;31/07/2025;2025;2;3;7;Julho;31;4;Quinta-feira;31;false
2025-08-01;01/08/2025;2025;2;3;8;Agosto;1;5;Sexta-feira;31;false
2025-08-02;02/08/2025;2025;2;3;8;Agosto;2;6;Sabado;31;true
2025-08-03;03/08/2025;2025;2;3;8;Agosto;3;7;Domingo;31;true
2025-08-04;04/08/2025;2025;2;3;8;Agosto;4;1;Segunda-feira;32;false
2025-08-05;05/08/2025;2025;2;3;8;Agosto;5;2;Terca-feira;32;false
2025-08-06;06/08/2025;2025;2;3;8;Agosto;6;3;Quarta-feira;32;false
2025-08-07;07/08/2025;2025;2;3;8;Agosto;7;4;Quinta-feira;32;false
2025-08-08;08/08/2025;2025;2;3;8;Agosto;8;5;Sexta-feira;32;false
2025-08-09;09/08/2025;2025;2;3;8;Agosto;9;6;Sabado;32;true
2025-08-10;10/08/2025;2025;2;3;8;Agosto;10;7;Domingo;32;true
2025-08-11;11/08/2025;2025;2;3;8;Agosto;11;1;Segunda-feira;33;false
2025-08-12;12/08/2025;2025;2;3;8;Agosto;12;2;Terca-feira;33;false
2025-08-13;13/08/2025;2025;2;3;8;Agosto;13;3;Quarta-feira;33;false
2025-08-14;14/08/2025;2025;2;3;8;Agosto;14;4;Quinta-feira;33;false
2025-08-15;15/08/2025;2025;2;3;8;Agosto;15;5;Sexta-feira;33;false
2025-08-16;16/08/2025;2025;2;3;8;Agosto;16;6;Sabado;33;true
2025-08-17;17/08/2025;2025;2;3;8;Agosto;17;7;Domingo;33;true
2025-08-18;18/08/2025;2025;2;3;8;Agosto;18;1;Segunda-feira;34;false
2025-08-19;19/08/2025;2025;2;3;8;Agosto;19;2;Terca-feira;34;false
2025-08-20;20/08/2025;2025;2;3;8;Agosto;20;3;Quarta-feira;34;false
2025-08-21;21/08/2025;2025;2;3;8;Agosto;21;4;Quinta-feira;34;false
2025-08-22;22/08/2025;2025;2;3;8;Agosto;22;5;Sexta-feira;34;false
2025-08-23;23/08/2025;2025;2;3;8;Agosto;23;6;Sabado;34;true
2025-08-24;24/08/2025;2025;2;3;8;Agosto;24;7;Domingo;34;true
2025-08-25;25/08/2025;2025;2;3;8;Agosto;25;1;Segunda-feira;35;false
2025-08-26;26/08/2025;2025;2;3;8;Agosto;26;2;Terca-feira;35;false
2025-08-27;27/08/2025;2025;2;3;8;Agosto;27;3;Quarta-feira;35;false
2025-08-28;28/08/2025;2025;2;3;8;Agosto;28;4;Quinta-feira;35;false
2025-08-29;29/08/2025;2025;2;3;8;Agosto;29;5;Sexta-feira;35;false
2025-08-30;30/08/2025;2025;2;3;8;Agosto;30;6;Sabado;35;true
2025-08-31;31/08/2025;2025;2;3;8;Agosto;31;7;Domingo;35;true
2025-09-01;01/09/2025;2025;2;3;9;Setembro;1;1;Segunda-feira;36;false
2025-09-02;02/09/2025;2025;2;3;9;Setembro;2;2;Terca-feira;36;false
2025-09-03;03/09/2025;2025;2;3;9;Setembro;3;3;Quarta-feira;36;false
2025-09-04;04/09/2025;2025;2;3;9;Setembro;4;4;Quinta-feira;36;false
2025-09-05;05/09/2025;2025;2;3;9;Setembro;5;5;Sexta-feira;36;false
2025-09-06;06/09/2025;2025;2;3;9;Setembro;6;6;Sabado;36;true
2025-09-07;07/09/2025;2025;2;3;9;Setembro;7;7;Domingo;36;true
2025-09-08;08/09/2025;2025;2;3;9;Setembro;8;1;Segunda-feira;37;false
2025-09-09;09/09/2025;2025;2;3;9;Setembro;9;2;Terca-feira;37;false
2025-09-10;10/09/2025;2025;2;3;9;Setembro;10;3;Quarta-feira;37;false
2025-09-11;11/09/2025;2025;2;3;9;Setembro;11;4;Quinta-feira;37;false
2025-09-12;12/09/2025;2025;2;3;9;Setembro;12;5;Sexta-feira;37;false
2025-09-13;13/09/2025;2025;2;3;9;Setembro;13;6;Sabado;37;true
2025-09-14;14/09/2025;2025;2;3;9;Setembro;14;7;Domingo;37;true
2025-09-15;15/09/2025;2025;2;3;9;Setembro;15;1;Segunda-feira;38;false
2025-09-16;16/09/2025;2025;2;3;9;Setembro;16;2;Terca-feira;38;false
2025-09-17;17/09/2025;2025;2;3;9;Setembro;17;3;Quarta-feira;38;false
2025-09-18;18/09/2025;2025;2;3;9;Setembro;18;4;Quinta-feira;38;false
2025-09-19;19/09/2025;2025;2;3;9;Setembro;19;5;Sexta-feira;38;false
2025-09-20;20/09/2025;2025;2;3;9;Setembro;20;6;Sabado;38;true
2025-09-21;21/09/2025;2025;2;3;9;Setembro;21;7;Domingo;38;true
2025-09-22;22/09/2025;2025;2;3;9;Setembro;22;1;Segunda-feira;39;false
2025-09-23;23/09/2025;2025;2;3;9;Setembro;23;2;Terca-feira;39;false
2025-09-24;24/09/2025;2025;2;3;9;Setembro;24;3;Quarta-feira;39;false
2025-09-25;25/09/2025;2025;2;3;9;Setembro;25;4;Quinta-feira;39;false
2025-09-26;26/09/2025;2025;2;3;9;Setembro;26;5;Sexta-feira;39;false
2025-09-27;27/09/2025;2025;2;3;9;Setembro;27;6;Sabado;39;true
2025-09-28;28/09/2025;2025;2;3;9;Setembro;28;7;Domingo;39;true
2025-09-29;29/09/2025;2025;2;3;9;Setembro;29;1;Segunda-feira;40;false
2025-09-30;30/09/2025;2025;2;3;9;Setembro;30;2;Terca-feira;40;false
2025-10-01;01/10/2025;2025;2;4;10;Outubro;1;3;Quarta-feira;40;false
2025-10-02;02/10/2025;2025;2;4;10;Outubro;2;4;Quinta-feira;40;false
2025-10-03;03/10/2025;2025;2;4;10;Outubro;3;5;Sexta-feira;40;false
2025-10-04;04/10/2025;2025;2;4;10;Outubro;4;6;Sabado;40;true
2025-10-05;05/10/2025;2025;2;4;10;Outubro;5;7;Domingo;40;true
2025-10-06;06/10/2025;2025;2;4;10;Outubro;6;1;Segunda-feira;41;false
2025-10-07;07/10/2025;2025;2;4;10;Outubro;7;2;Terca-feira;41;false
2025-10-08;08/10/2025;2025;2;4;10;Outubro;8;3;Quarta-feira;41;false
2025-10-09;09/10/2025;2025;2;4;10;Outubro;9;4;Quinta-feira;41;false
2025-10-10;10/10/2025;2025;2;4;10;Outubro;10;5;Sexta-feira;41;false
2025-10-11;11/10/2025;2025;2;4;10;Outubro;11;6;Sabado;41;true
2025-10-12;12/10/2025;2025;2;4;10;Outubro;12;7;Domingo;41;true
2025-10-13;13/10/2025;2025;2;4;10;Outubro;13;1;Segunda-feira;42;false
2025-10-14;14/10/2025;2025;2;4;10;Outubro;14;2;Terca-feira;42;false
2025-10-15;15/10/2025;2025;2;4;10;Outubro;15;3;Quarta-feira;42;false
2025-10-16;16/10/2025;2025;2;4;10;Outubro;16;4;Quinta-feira;42;false
2025-10-17;17/10/2025;2025;2;4;10;Outubro;17;5;Sexta-feira;42;false
2025-10-18;18/10/2025;2025;2;4;10;Outubro;18;6;Sabado;42;true
2025-10-19;19/10/2025;2025;2;4;10;Outubro;19;7;Domingo;42;true
2025-10-20;20/10/2025;2025;2;4;10;Outubro;20;1;Segunda-feira;43;false
2025-10-21;21/10/2025;2025;2;4;10;Outubro;21;2;Terca-feira;43;false
2025-10-22;22/10/2025;2025;2;4;10;Outubro;22;3;Quarta-feira;43;false
2025-10-23;23/10/2025;2025;2;4;10;Outubro;23;4;Quinta-feira;43;false
2025-10-24;24/10/2025;2025;2;4;10;Outubro;24;5;Sexta-feira;43;false
2025-10-25;25/10/2025;2025;2;4;10;Outubro;25;6;Sabado;43;true
2025-10-26;26/10/2025;2025;2;4;10;Outubro;26;7;Domingo;43;true
2025-10-27;27/10/2025;2025;2;4;10;Outubro;27;1;Segunda-feira;44;false
2025-10-28;28/10/2025;2025;2;4;10;Outubro;28;2;Terca-feira;44;false
2025-10-29;29/10/2025;2025;2;4;10;Outubro;29;3;Quarta-feira;44;false
2025-10-30;30/10/2025;2025;2;4;10;Outubro;30;4;Quinta-feira;44;false
2025-10-31;31/10/2025;2025;2;4;10;Outubro;31;5;Sexta-feira;44;false
2025-11-01;01/11/2025;2025;2;4;11;Novembro;1;6;Sabado;44;true
2025-11-02;02/11/2025;2025;2;4;11;Novembro;2;7;Domingo;44;true
2025-11-03;03/11/2025;2025;2;4;11;Novembro;3;1;Segunda-feira;45;false
2025-11-04;04/11/2025;2025;2;4;11;Novembro;4;2;Terca-feira;45;false
2025-11-05;05/11/2025;2025;2;4;11;Novembro;5;3;Quarta-feira;45;false
2025-11-06;06/11/2025;2025;2;4;11;Novembro;6;4;Quinta-feira;45;false
2025-11-07;07/11/2025;2025;2;4;11;Novembro;7;5;Sexta-feira;45;false
2025-11-08;08/11/2025;2025;2;4;11;Novembro;8;6;Sabado;45;true
2025-11-09;09/11/2025;2025;2;4;11;Novembro;9;7;Domingo;45;true
2025-11-10;10/11/2025;2025;2;4;11;Novembro;10;1;Segunda-feira;46;false
2025-11-11;11/11/2025;2025;2;4;11;Novembro;11;2;Terca-feira;46;false
2025-11-12;12/11/2025;2025;2;4;11;Novembro;12;3;Quarta-feira;46;false
2025-11-13;13/11/2025;2025;2;4;11;Novembro;13;4;Quinta-feira;46;false
2025-11-14;14/11/2025;2025;2;4;11;Novembro;14;5;Sexta-feira;46;false
2025-11-15;15/11/2025;2025;2;4;11;Novembro;15;6;Sabado;46;true
2025-11-16;16/11/2025;2025;2;4;11;Novembro;16;7;Domingo;46;true
2025-11-17;17/11/2025;2025;2;4;11;Novembro;17;1;Segunda-feira;47;false
2025-11-18;18/11/2025;2025;2;4;11;Novembro;18;2;Terca-feira;47;false
2025-11-19;19/11/2025;2025;2;4;11;Novembro;19;3;Quarta-feira;47;false
2025-11-20;20/11/2025;2025;2;4;11;Novembro;20;4;Quinta-feira;47;false
2025-11-21;21/11/2025;2025;2;4;11;Novembro;21;5;Sexta-feira;47;false
2025-11-22;22/11/2025;2025;2;4;11;Novembro;22;6;Sabado;47;true
2025-11-23;23/11/2025;2025;2;4;11;Novembro;23;7;Domingo;47;true
2025-11-24;24/11/2025;2025;2;4;11;Novembro;24;1;Segunda-feira;48;false
2025-11-25;25/11/2025;2025;2;4;11;Novembro;25;2;Terca-feira;48;false
2025-11-26;26/11/2025;2025;2;4;11;Novembro;26;3;Quarta-feira;48;false
2025-11-27;27/11/2025;2025;2;4;11;Novembro;27;4;Quinta-feira;48;false
2025-11-28;28/11/2025;2025;2;4;11;Novembro;28;5;Sexta-feira;48;false
2025-11-29;29/11/2025;2025;2;4;11;Novembro;29;6;Sabado;48;true
2025-11-30;30/11/2025;2025;2;4;11;Novembro;30;7;Domingo;48;true
2025-12-01;01/12/2025;2025;2;4;12;Dezembro;1;1;Segunda-feira;49;false
2025-12-02;02/12/2025;2025;2;4;12;Dezembro;2;2;Terca-feira;49;false
2025-12-03;03/12/2025;2025;2;4;12;Dezembro;3;3;Quarta-feira;49;false
2025-12-04;04/12/2025;2025;2;4;12;Dezembro;4;4;Quinta-feira;49;false
2025-12-05;05/12/2025;2025;2;4;12;Dezembro;5;5;Sexta-feira;49;false
2025-12-06;06/12/2025;2025;2;4;12;Dezembro;6;6;Sabado;49;true
2025-12-07;07/12/2025;2025;2;4;12;Dezembro;7;7;Domingo;49;true
2025-12-08;08/12/2025;2025;2;4;12;Dezembro;8;1;Segunda-feira;50;false
2025-12-09;09/12/2025;2025;2;4;12;Dezembro;9;2;Terca-feira;50;false
2025-12-10;10/12/2025;2025;2;4;12;Dezembro;10;3;Quarta-feira;50;false
2025-12-11;11/12/2025;2025;2;4;12;Dezembro;11;4;Quinta-feira;50;false
2025-12-12;12/12/2025;2025;2;4;12;Dezembro;12;5;Sexta-feira;50;false
2025-12-13;13/12/2025;2025;2;4;12;Dezembro;13;6;Sabado;50;true
2025-12-14;14/12/2025;2025;2;4;12;Dezembro;14;7;Domingo;50;true
2025-12-15;15/12/2025;2025;2;4;12;Dezembro;15;1;Segunda-feira;51;false
2025-12-16;16/12/2025;2025;2;4;12;Dezembro;16;2;Terca-feira;51;false
2025-12-17;17/12/2025;2025;2;4;12;Dezembro;17;3;Quarta-feira;51;false
2025-12-18;18/12/2025;2025;2;4;12;Dezembro;18;4;Quinta-feira;51;false
2025-12-19;19/12/2025;2025;2;4;12;Dezembro;19;5;Sexta-feira;51;false
2025-12-20;20/12/2025;2025;2;4;12;Dezembro;20;6;Sabado;51;true
2025-12-21;21/12/2025;2025;2;4;12;Dezembro;21;7;Domingo;51;true
2025-12-22;22/12/2025;2025;2;4;12;Dezembro;22;1;Segunda-feira;52;false
2025-12-23;23/12/2025;2025;2;4;12;Dezembro;23;2;Terca-feira;52;false
2025-12-24;24/12/2025;2025;2;4;12;Dezembro;24;3;Quarta-feira;52;false
2025-12-25;25/12/2025;2025;2;4;12;Dezembro;25;4;Quinta-feira;52;false
2025-12-26;26/12/2025;2025;2;4;12;Dezembro;26;5;Sexta-feira;52;false
2025-12-27;27/12/2025;2025;2;4;12;Dezembro;27;6;Sabado;52;true
2025-12-28;28/12/2025;2025;2;4;12;Dezembro;28;7;Domingo;52;true
2025-12-29;29/12/2025;2025;2;4;12;Dezembro;29;1;Segunda-feira;1;false
2025-12-30;30/12/2025;2025;2;4;12;Dezembro;30;2;Terca-feira;1;false
2025-12-31;31/12/2025;2025;2;4;12;Dezembro;31;3;Quarta-feira;1;false
2026-01-01;01/01/2026;2026;1;1;1;Janeiro;1;4;Quinta-feira;1;false
2026-01-02;02/01/2026;2026;1;1;1;Janeiro;2;5;Sexta-feira;1;false
2026-01-03;03/01/2026;2026;1;1;1;Janeiro;3;6;Sabado;1;true
2026-01-04;04/01/2026;2026;1;1;1;Janeiro;4;7;Domingo;1;true
2026-01-05;05/01/2026;2026;1;1;1;Janeiro;5;1;Segunda-feira;2;false
2026-01-06;06/01/2026;2026;1;1;1;Janeiro;6;2;Terca-feira;2;false
2026-01-07;07/01/2026;2026;1;1;1;Janeiro;7;3;Quarta-feira;2;false
2026-01-08;08/01/2026;2026;1;1;1;Janeiro;8;4;Quinta-feira;2;false
2026-01-09;09/01/2026;2026;1;1;1;Janeiro;9;5;Sexta-feira;2;false
2026-01-10;10/01/2026;2026;1;1;1;Janeiro;10;6;Sabado;2;true
2026-01-11;11/01/2026;2026;1;1;1;Janeiro;11;7;Domingo;2;true
2026-01-12;12/01/2026;2026;1;1;1;Janeiro;12;1;Segunda-feira;3;false
2026-01-13;13/01/2026;2026;1;1;1;Janeiro;13;2;Terca-feira;3;false
2026-01-14;14/01/2026;2026;1;1;1;Janeiro;14;3;Quarta-feira;3;false
2026-01-15;15/01/2026;2026;1;1;1;Janeiro;15;4;Quinta-feira;3;false
2026-01-16;16/01/2026;2026;1;1;1;Janeiro;16;5;Sexta-feira;3;false
2026-01-17;17/01/2026;2026;1;1;1;Janeiro;17;6;Sabado;3;true
2026-01-18;18/01/2026;2026;1;1;1;Janeiro;18;7;Domingo;3;true
2026-01-19;19/01/2026;2026;1;1;1;Janeiro;19;1;Segunda-feira;4;false
2026-01-20;20/01/2026;2026;1;1;1;Janeiro;20;2;Terca-feira;4;false
2026-01-21;21/01/2026;2026;1;1;1;Janeiro;21;3;Quarta-feira;4;false
2026-01-22;22/01/2026;2026;1;1;1;Janeiro;22;4;Quinta-feira;4;false
2026-01-23;23/01/2026;2026;1;1;1;Janeiro;23;5;Sexta-feira;4;false
2026-01-24;24/01/2026;2026;1;1;1;Janeiro;24;6;Sabado;4;true
2026-01-25;25/01/2026;2026;1;1;1;Janeiro;25;7;Domingo;4;true
2026-01-26;26/01/2026;2026;1;1;1;Janeiro;26;1;Segunda-feira;5;false
2026-01-27;27/01/2026;2026;1;1;1;Janeiro;27;2;Terca-feira;5;false
2026-01-28;28/01/2026;2026;1;1;1;Janeiro;28;3;Quarta-feira;5;false
2026-01-29;29/01/2026;2026;1;1;1;Janeiro;29;4;Quinta-feira;5;false
2026-01-30;30/01/2026;2026;1;1;1;Janeiro;30;5;Sexta-feira;5;false
2026-01-31;31/01/2026;2026;1;1;1;Janeiro;31;6;Sabado;5;true
2026-02-01;01/02/2026;2026;1;1;2;Fevereiro;1;7;Domingo;5;true
2026-02-02;02/02/2026;2026;1;1;2;Fevereiro;2;1;Segunda-feira;6;false
2026-02-03;03/02/2026;2026;1;1;2;Fevereiro;3;2;Terca-feira;6;false
2026-02-04;04/02/2026;2026;1;1;2;Fevereiro;4;3;Quarta-feira;6;false
2026-02-05;05/02/2026;2026;1;1;2;Fevereiro;5;4;Quinta-feira;6;false
2026-02-06;06/02/2026;2026;1;1;2;Fevereiro;6;5;Sexta-feira;6;false
2026-02-07;07/02/2026;2026;1;1;2;Fevereiro;7;6;Sabado;6;true
2026-02-08;08/02/2026;2026;1;1;2;Fevereiro;8;7;Domingo;6;true
2026-02-09;09/02/2026;2026;1;1;2;Fevereiro;9;1;Segunda-feira;7;false
2026-02-10;10/02/2026;2026;1;1;2;Fevereiro;10;2;Terca-feira;7;false
2026-02-11;11/02/2026;2026;1;1;2;Fevereiro;11;3;Quarta-feira;7;false
2026-02-12;12/02/2026;2026;1;1;2;Fevereiro;12;4;Quinta-feira;7;false
2026-02-13;13/02/2026;2026;1;1;2;Fevereiro;13;5;Sexta-feira;7;false
2026-02-14;14/02/2026;2026;1;1;2;Fevereiro;14;6;Sabado;7;true
2026-02-15;15/02/2026;2026;1;1;2;Fevereiro;15;7;Domingo;7;true
2026-02-16;16/02/2026;2026;1;1;2;Fevereiro;16;1;Segunda-feira;8;false
2026-02-17;17/02/2026;2026;1;1;2;Fevereiro;17;2;Terca-feira;8;false
2026-02-18;18/02/2026;2026;1;1;2;Fevereiro;18;3;Quarta-feira;8;false
2026-02-19;19/02/2026;2026;1;1;2;Fevereiro;19;4;Quinta-feira;8;false
2026-02-20;20/02/2026;2026;1;1;2;Fevereiro;20;5;Sexta-feira;8;false
2026-02-21;21/02/2026;2026;1;1;2;Fevereiro;21;6;Sabado;8;true
2026-02-22;22/02/2026;2026;1;1;2;Fevereiro;22;7;Domingo;8;true
2026-02-23;23/02/2026;2026;1;1;2;Fevereiro;23;1;Segunda-feira;9;false
2026-02-24;24/02/2026;2026;1;1;2;Fevereiro;24;2;Terca-feira;9;false
2026-02-25;25/02/2026;2026;1;1;2;Fevereiro;25;3;Quarta-feira;9;false
2026-02-26;26/02/2026;2026;1;1;2;Fevereiro;26;4;Quinta-feira;9;false
2026-02-27;27/02/2026;2026;1;1;2;Fevereiro;27;5;Sexta-feira;9;false
2026-02-28;28/02/2026;2026;1;1;2;Fevereiro;28;6;Sabado;9;true
2026-03-01;01/03/2026;2026;1;1;3;Marco;1;7;Domingo;9;true
2026-03-02;02/03/2026;2026;1;1;3;Marco;2;1;Segunda-feira;10;false
2026-03-03;03/03/2026;2026;1;1;3;Marco;3;2;Terca-feira;10;false
2026-03-04;04/03/2026;2026;1;1;3;Marco;4;3;Quarta-feira;10;false
2026-03-05;05/03/2026;2026;1;1;3;Marco;5;4;Quinta-feira;10;false
2026-03-06;06/03/2026;2026;1;1;3;Marco;6;5;Sexta-feira;10;false
2026-03-07;07/03/2026;2026;1;1;3;Marco;7;6;Sabado;10;true
2026-03-08;08/03/2026;2026;1;1;3;Marco;8;7;Domingo;10;true
2026-03-09;09/03/2026;2026;1;1;3;Marco;9;1;Segunda-feira;11;false
2026-03-10;10/03/2026;2026;1;1;3;Marco;10;2;Terca-feira;11;false
2026-03-11;11/03/2026;2026;1;1;3;Marco;11;3;Quarta-feira;11;false
2026-03-12;12/03/2026;2026;1;1;3;Marco;12;4;Quinta-feira;11;false
2026-03-13;13/03/2026;2026;1;1;3;Marco;13;5;Sexta-feira;11;false
2026-03-14;14/03/2026;2026;1;1;3;Marco;14;6;Sabado;11;true
2026-03-15;15/03/2026;2026;1;1;3;Marco;15;7;Domingo;11;true
2026-03-16;16/03/2026;2026;1;1;3;Marco;16;1;Segunda-feira;12;false
2026-03-17;17/03/2026;2026;1;1;3;Marco;17;2;Terca-feira;12;false
2026-03-18;18/03/2026;2026;1;1;3;Marco;18;3;Quarta-feira;12;false
2026-03-19;19/03/2026;2026;1;1;3;Marco;19;4;Quinta-feira;12;false
2026-03-20;20/03/2026;2026;1;1;3;Marco;20;5;Sexta-feira;12;false
2026-03-21;21/03/2026;2026;1;1;3;Marco;21;6;Sabado;12;true
2026-03-22;22/03/2026;2026;1;1;3;Marco;22;7;Domingo;12;true
2026-03-23;23/03/2026;2026;1;1;3;Marco;23;1;Segunda-feira;13;false
2026-03-24;24/03/2026;2026;1;1;3;Marco;24;2;Terca-feira;13;false
2026-03-25;25/03/2026;2026;1;1;3;Marco;25;3;Quarta-feira;13;false
2026-03-26;26/03/2026;2026;1;1;3;Marco;26;4;Quinta-feira;13;false
2026-03-27;27/03/2026;2026;1;1;3;Marco;27;5;Sexta-feira;13;false
2026-03-28;28/03/2026;2026;1;1;3;Marco;28;6;Sabado;13;true
2026-03-29;29/03/2026;2026;1;1;3;Marco;29;7;Domingo;13;true
2026-03-30;30/03/2026;2026;1;1;3;Marco;30;1;Segunda-feira;14;false
2026-03-31;31/03/2026;2026;1;1;3;Marco;31;2;Terca-feira;14;false
2026-04-01;01/04/2026;2026;1;2;4;Abril;1;3;Quarta-feira;14;false
2026-04-02;02/04/2026;2026;1;2;4;Abril;2;4;Quinta-feira;14;false
2026-04-03;03/04/2026;2026;1;2;4;Abril;3;5;Sexta-feira;14;false
2026-04-04;04/04/2026;2026;1;2;4;Abril;4;6;Sabado;14;true
2026-04-05;05/04/2026;2026;1;2;4;Abril;5;7;Domingo;14;true
2026-04-06;06/04/2026;2026;1;2;4;Abril;6;1;Segunda-feira;15;false
2026-04-07;07/04/2026;2026;1;2;4;Abril;7;2;Terca-feira;15;false
2026-04-08;08/04/2026;2026;1;2;4;Abril;8;3;Quarta-feira;15;false
2026-04-09;09/04/2026;2026;1;2;4;Abril;9;4;Quinta-feira;15;false
2026-04-10;10/04/2026;2026;1;2;4;Abril;10;5;Sexta-feira;15;false
2026-04-11;11/04/2026;2026;1;2;4;Abril;11;6;Sabado;15;true
2026-04-12;12/04/2026;2026;1;2;4;Abril;12;7;Domingo;15;true
2026-04-13;13/04/2026;2026;1;2;4;Abril;13;1;Segunda-feira;16;false
2026-04-14;14/04/2026;2026;1;2;4;Abril;14;2;Terca-feira;16;false
2026-04-15;15/04/2026;2026;1;2;4;Abril;15;3;Quarta-feira;16;false
2026-04-16;16/04/2026;2026;1;2;4;Abril;16;4;Quinta-feira;16;false
2026-04-17;17/04/2026;2026;1;2;4;Abril;17;5;Sexta-feira;16;false
2026-04-18;18/04/2026;2026;1;2;4;Abril;18;6;Sabado;16;true
2026-04-19;19/04/2026;2026;1;2;4;Abril;19;7;Domingo;16;true
2026-04-20;20/04/2026;2026;1;2;4;Abril;20;1;Segunda-feira;17;false
2026-04-21;21/04/2026;2026;1;2;4;Abril;21;2;Terca-feira;17;false
2026-04-22;22/04/2026;2026;1;2;4;Abril;22;3;Quarta-feira;17;false
2026-04-23;23/04/2026;2026;1;2;4;Abril;23;4;Quinta-feira;17;false
2026-04-24;24/04/2026;2026;1;2;4;Abril;24;5;Sexta-feira;17;false
2026-04-25;25/04/2026;2026;1;2;4;Abril;25;6;Sabado;17;true
2026-04-26;26/04/2026;2026;1;2;4;Abril;26;7;Domingo;17;true
2026-04-27;27/04/2026;2026;1;2;4;Abril;27;1;Segunda-feira;18;false
2026-04-28;28/04/2026;2026;1;2;4;Abril;28;2;Terca-feira;18;false
2026-04-29;29/04/2026;2026;1;2;4;Abril;29;3;Quarta-feira;18;false
2026-04-30;30/04/2026;2026;1;2;4;Abril;30;4;Quinta-feira;18;false
2026-05-01;01/05/2026;2026;1;2;5;Maio;1;5;Sexta-feira;18;false
2026-05-02;02/05/2026;2026;1;2;5;Maio;2;6;Sabado;18;true
2026-05-03;03/05/2026;2026;1;2;5;Maio;3;7;Domingo;18;true
2026-05-04;04/05/2026;2026;1;2;5;Maio;4;1;Segunda-feira;19;false
2026-05-05;05/05/2026;2026;1;2;5;Maio;5;2;Terca-feira;19;false
2026-05-06;06/05/2026;2026;1;2;5;Maio;6;3;Quarta-feira;19;false
2026-05-07;07/05/2026;2026;1;2;5;Maio;7;4;Quinta-feira;19;false
2026-05-08;08/05/2026;2026;1;2;5;Maio;8;5;Sexta-feira;19;false
2026-05-09;09/05/2026;2026;1;2;5;Maio;9;6;Sabado;19;true
2026-05-10;10/05/2026;2026;1;2;5;Maio;10;7;Domingo;19;true
2026-05-11;11/05/2026;2026;1;2;5;Maio;11;1;Segunda-feira;20;false
2026-05-12;12/05/2026;2026;1;2;5;Maio;12;2;Terca-feira;20;false
2026-05-13;13/05/2026;2026;1;2;5;Maio;13;3;Quarta-feira;20;false
2026-05-14;14/05/2026;2026;1;2;5;Maio;14;4;Quinta-feira;20;false
2026-05-15;15/05/2026;2026;1;2;5;Maio;15;5;Sexta-feira;20;false
2026-05-16;16/05/2026;2026;1;2;5;Maio;16;6;Sabado;20;true
2026-05-17;17/05/2026;2026;1;2;5;Maio;17;7;Domingo;20;true
2026-05-18;18/05/2026;2026;1;2;5;Maio;18;1;Segunda-feira;21;false
2026-05-19;19/05/2026;2026;1;2;5;Maio;19;2;Terca-feira;21;false
2026-05-20;20/05/2026;2026;1;2;5;Maio;20;3;Quarta-feira;21;false
2026-05-21;21/05/2026;2026;1;2;5;Maio;21;4;Quinta-feira;21;false
2026-05-22;22/05/2026;2026;1;2;5;Maio;22;5;Sexta-feira;21;false
2026-05-23;23/05/2026;2026;1;2;5;Maio;23;6;Sabado;21;true
2026-05-24;24/05/2026;2026;1;2;5;Maio;24;7;Domingo;21;true
2026-05-25;25/05/2026;2026;1;2;5;Maio;25;1;Segunda-feira;22;false
2026-05-26;26/05/2026;2026;1;2;5;Maio;26;2;Terca-feira;22;false
2026-05-27;27/05/2026;2026;1;2;5;Maio;27;3;Quarta-feira;22;false
2026-05-28;28/05/2026;2026;1;2;5;Maio;28;4;Quinta-feira;22;false
2026-05-29;29/05/2026;2026;1;2;5;Maio;29;5;Sexta-feira;22;false
2026-05-30;30/05/2026;2026;1;2;5;Maio;30;6;Sabado;22;true
2026-05-31;31/05/2026;2026;1;2;5;Maio;31;7;Domingo;22;true
2026-06-01;01/06/2026;2026;1;2;6;Junho;1;1;Segunda-feira;23;false
2026-06-02;02/06/2026;2026;1;2;6;Junho;2;2;Terca-feira;23;false
2026-06-03;03/06/2026;2026;1;2;6;Junho;3;3;Quarta-feira;23;false
2026-06-04;04/06/2026;2026;1;2;6;Junho;4;4;Quinta-feira;23;false
2026-06-05;05/06/2026;2026;1;2;6;Junho;5;5;Sexta-feira;23;false
2026-06-06;06/06/2026;2026;1;2;6;Junho;6;6;Sabado;23;true
2026-06-07;07/06/2026;2026;1;2;6;Junho;7;7;Domingo;23;true
2026-06-08;08/06/2026;2026;1;2;6;Junho;8;1;Segunda-feira;24;false
2026-06-09;09/06/2026;2026;1;2;6;Junho;9;2;Terca-feira;24;false
2026-06-10;10/06/2026;2026;1;2;6;Junho;10;3;Quarta-feira;24;false
2026-06-11;11/06/2026;2026;1;2;6;Junho;11;4;Quinta-feira;24;false
2026-06-12;12/06/2026;2026;1;2;6;Junho;12;5;Sexta-feira;24;false
2026-06-13;13/06/2026;2026;1;2;6;Junho;13;6;Sabado;24;true
2026-06-14;14/06/2026;2026;1;2;6;Junho;14;7;Domingo;24;true
2026-06-15;15/06/2026;2026;1;2;6;Junho;15;1;Segunda-feira;25;false
2026-06-16;16/06/2026;2026;1;2;6;Junho;16;2;Terca-feira;25;false
2026-06-17;17/06/2026;2026;1;2;6;Junho;17;3;Quarta-feira;25;false
2026-06-18;18/06/2026;2026;1;2;6;Junho;18;4;Quinta-feira;25;false
2026-06-19;19/06/2026;2026;1;2;6;Junho;19;5;Sexta-feira;25;false
2026-06-20;20/06/2026;2026;1;2;6;Junho;20;6;Sabado;25;true
2026-06-21;21/06/2026;2026;1;2;6;Junho;21;7;Domingo;25;true
2026-06-22;22/06/2026;2026;1;2;6;Junho;22;1;Segunda-feira;26;false
2026-06-23;23/06/2026;2026;1;2;6;Junho;23;2;Terca-feira;26;false
2026-06-24;24/06/2026;2026;1;2;6;Junho;24;3;Quarta-feira;26;false
2026-06-25;25/06/2026;2026;1;2;6;Junho;25;4;Quinta-feira;26;false
2026-06-26;26/06/2026;2026;1;2;6;Junho;26;5;Sexta-feira;26;false
2026-06-27;27/06/2026;2026;1;2;6;Junho;27;6;Sabado;26;true
2026-06-28;28/06/2026;2026;1;2;6;Junho;28;7;Domingo;26;true
2026-06-29;29/06/2026;2026;1;2;6;Junho;29;1;Segunda-feira;27;false
2026-06-30;30/06/2026;2026;1;2;6;Junho;30;2;Terca-feira;27;false
2026-07-01;01/07/2026;2026;2;3;7;Julho;1;3;Quarta-feira;27;false
2026-07-02;02/07/2026;2026;2;3;7;Julho;2;4;Quinta-feira;27;false
2026-07-03;03/07/2026;2026;2;3;7;Julho;3;5;Sexta-feira;27;false
2026-07-04;04/07/2026;2026;2;3;7;Julho;4;6;Sabado;27;true
2026-07-05;05/07/2026;2026;2;3;7;Julho;5;7;Domingo;27;true
2026-07-06;06/07/2026;2026;2;3;7;Julho;6;1;Segunda-feira;28;false
2026-07-07;07/07/2026;2026;2;3;7;Julho;7;2;Terca-feira;28;false
2026-07-08;08/07/2026;2026;2;3;7;Julho;8;3;Quarta-feira;28;false
2026-07-09;09/07/2026;2026;2;3;7;Julho;9;4;Quinta-feira;28;false
2026-07-10;10/07/2026;2026;2;3;7;Julho;10;5;Sexta-feira;28;false
2026-07-11;11/07/2026;2026;2;3;7;Julho;11;6;Sabado;28;true
2026-07-12;12/07/2026;2026;2;3;7;Julho;12;7;Domingo;28;true
2026-07-13;13/07/2026;2026;2;3;7;Julho;13;1;Segunda-feira;29;false
2026-07-14;14/07/2026;2026;2;3;7;Julho;14;2;Terca-feira;29;false
2026-07-15;15/07/2026;2026;2;3;7;Julho;15;3;Quarta-feira;29;false
2026-07-16;16/07/2026;2026;2;3;7;Julho;16;4;Quinta-feira;29;false
2026-07-17;17/07/2026;2026;2;3;7;Julho;17;5;Sexta-feira;29;false
2026-07-18;18/07/2026;2026;2;3;7;Julho;18;6;Sabado;29;true
2026-07-19;19/07/2026;2026;2;3;7;Julho;19;7;Domingo;29;true
2026-07-20;20/07/2026;2026;2;3;7;Julho;20;1;Segunda-feira;30;false
2027-05-07;07/05/2027;2027;1;2;5;Maio;7;5;Sexta-feira;18;false
2029-04-28;28/04/2029;2029;1;2;4;Abril;28;6;Sabado;17;true
2042-02-25;25/02/2042;2042;1;1;2;Fevereiro;25;2;Terca-feira;9;false
